tf,pval,padj,mean_difference
ALX1,0.0,0.0,-0.002894322040480432
ALX3,1.2548613865126686e-85,1.3364273766359922e-82,-5.874994468210021e-05
ALX4,7.553122877936314e-62,8.044075865002174e-59,6.917693888226426e-05
ANHX,0.0,0.0,-0.002986817261588847
AR,0.0,0.0,-0.004540944369541922
ARGFX,0.0,0.0,-0.0035356829960993853
ARID3A,0.0,0.0,-0.003138479633237815
ARID3B,0.0,0.0,-0.0011392603490912659
ARID5A,0.0,0.0,0.0034466291190925064
ARID5B,0.0,0.0,-0.0025750098228116106
ARNT,0.0,0.0,-0.003243095733191738
ARNT2,0.0,0.0,0.0024142679991991656
ARNTL,0.0,0.0,0.0008532355532528402
ARX,0.0,0.0,-0.00258252893597178
ASCL1,0.0,0.0,-0.005128477909292425
ASCL2,0.0,0.0,-0.0058240634695547605
ATF1,0.0,0.0,-0.001817898601739372
ATF2,0.0,0.0,0.004917054116839958
ATF3,2.4949248462356916e-247,2.6570949612410116e-244,0.0038739686255896966
ATF4,4.759444318216494e-278,5.068808198900566e-275,-0.003096357651863002
ATF6,4.0418723883009694e-39,4.304594093540532e-36,-7.44977186250273e-05
ATF6B,0.034302132581239146,1.0,-0.0008872623105551092
ATF7,0.0,0.0,0.00954162082241039
ATOH1,0.0,0.0,-0.0031735111238305885
ATOH7,1.8196172784787508e-09,1.9378924015798694e-06,-0.0001769039089005776
BACH1,2.5219962052470857e-266,2.6859259585881463e-263,0.0011025867189507071
BACH2,0.0,0.0,0.0559754437425502
BARHL1,0.0,0.0,-0.003395554369037596
BARHL2,0.0,0.0,-0.004770324565652134
BARX1,0.0003528332734934539,0.3757674362705284,2.230574564302673e-05
BARX2,3.867969228151346e-79,4.1193872279811836e-76,-0.00019248008011093706
BATF,0.0,0.0,0.014937572352594075
BATF3,0.0,0.0,-0.00130846065619189
BBX,0.0,0.0,-0.006050666922417722
BCL11A,6.95918919019722e-122,7.41153648756004e-119,0.0005519827126631016
BCL11B,5.074413783520224e-18,5.404250679449038e-15,0.0006977983150195481
BCL6,0.0,0.0,-0.0013872832498897647
BCL6B,0.0,0.0,0.007467563503764901
BHLHA15,0.0,0.0,-0.004293736501202343
BHLHE22,1.242280058232614e-15,1.323028262017734e-12,0.00036758800354813994
BHLHE23,0.0,0.0,-0.0016819443773144266
BHLHE40,1.7400213629093916e-13,1.853122751498502e-10,-0.0007113620077880134
BHLHE41,0.0,0.0,0.004927307719978846
BORCS8-MEF2B,0.0,0.0,-0.004467852537512143
BSX,0.0,0.0,-0.004004470644869126
CDC5L,0.0,0.0,-0.0039946043586638665
CDX1,0.0,0.0,0.001347434401365342
CDX2,0.0,0.0,-0.002364641809510482
CDX4,2.9425928870332935e-271,3.1338614246904574e-268,-0.0006961228085475002
CEBPA,0.0,0.0,0.10502520187464798
CEBPB,0.0,0.0,0.10954219731004977
CEBPD,0.0,0.0,0.10297331161055434
CEBPE,0.0,0.0,0.044404756773985476
CEBPG,0.0,0.0,0.07727462951588415
CENPB,0.0,0.0,-0.006237072204078681
CENPBD1,0.0,0.0,-0.0015943558286473994
CIC,0.0,0.0,0.0024071132058665727
CLOCK,0.0,0.0,-0.002004119355811216
CPEB1,0.0,0.0,-0.0062767313999473676
CREB1,1.3954256925183982e-42,1.486128362532094e-39,-0.00018653565991016974
CREB3,6.293874602131206e-290,6.702976451269735e-287,-0.003584768591522902
CREB3L1,0.0,0.0,-0.004661136912831376
CREB3L2,1.7410997418579685e-128,1.8542712250787365e-125,-0.002389456337168347
CREB3L4,0.9410413314392146,1.0,0.000507001601496665
CREB5,0.0,0.0,0.005864178741060239
CREBL2,0.0,0.0,0.020157310498544745
CREBZF,0.0,0.0,-0.004625442085417472
CREM,0.0,0.0,0.0026344181528547284
CRX,7.180713575731115e-262,7.647459958153637e-259,-0.001998610258803926
CTCF,0.0,0.0,-0.009532427509410663
CTCFL,0.0,0.0,-0.009418223030225159
CUX1,0.0,0.0,-0.0032766700741113756
CUX2,0.0,0.0,-0.0050727460662678995
CXXC1,0.0,0.0,-0.0033676106058836072
CXXC5,0.0,0.0,-0.003706461778691687
DBP,0.0,0.0,0.06487861415876578
DBX1,0.0,0.0,-0.0018815910339238517
DBX2,0.0,0.0,-0.002111262173338687
DLX1,7.294068873382799e-184,7.768183350152681e-181,-0.0005600357693320343
DLX2,6.860935381363945e-142,7.306896181152601e-139,-0.0004383378122095622
DLX3,1.1968034269786062e-75,1.2745956497322156e-72,-4.544447132005802e-05
DLX4,0.0,0.0,0.00260691996227232
DLX5,1.8627843250213487e-47,1.9838653061477363e-44,0.0009847824879021787
DLX6,6.100327216013929e-177,6.496848485054834e-174,-0.0007139318424455058
DMBX1,7.537000201250323e-94,8.026905214331594e-91,-0.0004062196803158759
DMRT1,0.0,0.0,-0.0025494518528129204
DMRT2,0.0,0.0,-0.0011601249174271145
DMRT3,0.0,0.0,-0.0032483553967340394
DMRTA1,0.0,0.0,0.0011353115813549455
DMRTA2,0.0,0.0,-0.004324046170703713
DMRTC2,0.0,0.0,-0.003655017996376212
DNMT1,0.0,0.0,-0.0030243231414895586
DPF1,0.0,0.0,-0.006157279875337152
DPRX,0.11445157836473725,1.0,-0.0007442295575310304
DRGX,1.0630364141146649e-16,1.1321337810321181e-13,0.00076750357068544
DUX4,0.0,0.0,-0.0013591646532102948
DUXA,0.0,0.0,-0.002696962157637347
E2F1,0.0,0.0,-0.006940163325747213
E2F2,0.0,0.0,-0.004696481012571904
E2F3,0.0,0.0,-0.006210236319577379
E2F4,0.0,0.0,-0.00384349296646095
E2F5,0.0,0.0,-0.0038273159559550386
E2F6,0.0,0.0,-0.0017881333477073463
E2F7,0.0,0.0,-0.003028420287927349
E2F8,0.0,0.0,-0.00528872012637116
EBF1,1.5287083340858348e-55,1.628074375801414e-52,0.005220924105026383
EBF2,6.803685647714939e-132,7.245925214816409e-129,0.006340069278018407
EGR1,0.0,0.0,-0.010466550953961623
EGR2,0.0,0.0,-0.008684483501733316
EGR3,0.0,0.0,-0.008473347069675733
EGR4,0.0,0.0,-0.009109304043660338
EHF,0.0,0.0,-0.010920185068272373
ELF1,0.0,0.0,-0.017555062981549963
ELF2,0.0,0.0,-0.011878511479207737
ELF3,0.0,0.0,-0.013834864554712695
ELF4,0.0,0.0,-0.01598200617463827
ELF5,0.0,0.0,-0.008192709829016723
ELK1,0.0,0.0,-0.027416288499227247
ELK3,0.0,0.0,-0.022567250946262316
ELK4,0.0,0.0,-0.019292943823043043
EMX1,4.5036898945779046e-07,0.0004796429737725468,0.0008758795477100453
EMX2,1.2476644520215788e-57,1.3287626414029813e-54,0.00026265160208089125
EN1,0.10966627528027169,1.0,0.0008660780248658864
EN2,7.438978512965327e-20,7.922512116308073e-17,0.0009947053204925347
EOMES,0.0,0.0,-0.010606934144516689
ERF,0.0,0.0,-0.01993254223619515
ERG,0.0,0.0,-0.002592634732153251
ESR1,0.0,0.0,0.005116236144392029
ESR2,0.0,0.0,0.006366118489473882
ESRRA,0.0,0.0,0.00484341363751468
ESRRB,0.0,0.0,0.005609764566168626
ESRRG,0.0,0.0,0.01230834475864337
ESX1,0.0,0.0,-0.0011222202963167317
ETS1,0.0,0.0,-0.00670018577276249
ETS2,0.0,0.0,-0.04374351634436889
ETV1,0.0,0.0,-0.012630374012090995
ETV2,0.0,0.0,-0.02017519900173191
ETV3,0.0,0.0,-0.017500310926780206
ETV3L,0.0,0.0,-0.0041517496161774595
ETV4,0.0,0.0,-0.01430735414091009
ETV5,0.0,0.0,-0.013954104769484443
ETV6,0.0,0.0,-0.013705269099542117
ETV7,0.0,0.0,-0.007755254761489444
EVX1,7.702071750815755e-173,8.20270641461878e-170,0.0023012389840632586
EVX2,2.777438223448193e-23,2.957971707972325e-20,0.001368431271846226
FBXL19,0.0,0.0,-0.002920045183489985
FERD3L,1.3304132218444032e-120,1.4168900812642893e-117,3.944099495380507e-05
FEV,0.0,0.0,-0.02463667854023814
FEZF1,0.0,0.0,-0.002265272192102219
FIGLA,6.1643818950625336e-235,6.565066718241599e-232,-0.015930186695076426
FLI1,0.0,0.0,0.01836324175718193
FOS,0.0,0.0,0.06120780469929732
FOSB,3.581611134882979e-285,3.8144158586503725e-282,0.004839540906146078
FOSL1,0.0,0.0,0.06413547319571178
FOSL2,0.0,0.0,0.060927534077243106
FOXA1,0.0,0.0,-0.006424742085052757
FOXA2,0.0,0.0,-0.0021772782243031944
FOXA3,0.0,0.0,-0.005655230793387143
FOXB1,3.731358907998221e-206,3.9738972370181053e-203,-0.0013299308024372417
FOXB2,0.0,0.0,-0.003198984057043166
FOXC1,0.0,0.0,-0.0022619472702120197
FOXC2,0.0,0.0,-0.0035474861724660435
FOXD1,0.0,0.0,-0.0067136665346633866
FOXD2,0.0,0.0,-0.0033136085185072224
FOXD3,3.096764416421034e-309,3.298054103488401e-306,-0.003136287681614825
FOXE1,0.0,0.0,-0.007478463835756136
FOXF2,0.0,0.0,-0.009602664108990633
FOXG1,0.0,0.0,-0.008250778987399492
FOXH1,0.0,0.0,0.001960529401770921
FOXI1,0.0,0.0,-0.0059552793173478814
FOXJ1,0.0,0.0,-0.007243331695599913
FOXJ2,0.0,0.0,-0.012200289799913486
FOXJ3,0.0,0.0,-0.0059335053550082124
FOXK1,0.0,0.0,-0.007788131640003863
FOXK2,0.0,0.0,-0.009128163062370132
FOXL1,0.0,0.0,-0.004434452421989556
FOXL2,0.0,0.0,-0.004251910883749361
FOXM1,0.0,0.0,-0.0020986554832898158
FOXN1,0.0,0.0,-0.002111766528315951
FOXN2,0.0,0.0,-0.003525712463743877
FOXN3,0.0,0.0,-0.008930268565803826
FOXN4,0.0,0.0,-0.002766813333638315
FOXO1,0.0,0.0,-0.006412409143915304
FOXO3,3.368594816681472e-231,3.587553479765768e-228,-0.0038042373925552264
FOXO4,0.0,0.0,-0.004851109448096772
FOXO6,0.0,0.0,-0.00799495234364142
FOXP1,0.0,0.0,-0.008968889315951085
FOXP2,0.0,0.0,-0.007957735266507678
FOXP3,4.222085760141959e-43,4.496521334551186e-40,2.7401585062421935e-05
FOXQ1,0.0,0.0,-0.005374491723591819
FOXR1,0.0,0.0,-0.0018637460559211066
FOXR2,0.0,0.0,-0.008890400516236116
FOXS1,0.0,0.0,-0.004594035589497759
GABPA,0.0,0.0,-0.02272145352516243
GATA1,0.0,0.0,-0.0054109789363384515
GATA2,0.0,0.0,-0.005450919189467836
GATA3,0.0,0.0,-0.007085227139849111
GATA4,0.0,0.0,-0.006330035192887894
GATA5,0.0,0.0,-0.00651477341439656
GATA6,0.0,0.0,-0.009703296846396356
GBX1,5.308264806920896e-96,5.653302019370754e-93,-0.0002687265256648523
GBX2,1.0986221233070548e-13,1.1700325613220133e-10,0.000819794707525006
GCM1,6.522682718697896e-180,6.946657095413259e-177,-0.002527378870596111
GCM2,0.0,0.0,-0.0077048413565269785
GFI1,0.0,0.0,-0.0013463015432034842
GFI1B,1.2823983025785067e-08,1.3657541922461095e-05,-0.00031578828886088227
GLI1,3.7249933452796283e-62,3.9671179127228043e-59,-0.00017779099758721134
GLI2,1.9696089090142412e-198,2.0976334881001667e-195,-0.0034384446149119223
GLI3,8.451952306429765e-189,9.0013292063477e-186,-0.0033910230222647213
GLI4,2.2822938558888874e-227,2.4306429565216652e-224,-0.0009614078097377153
GLIS1,1.2824538711077286e-52,1.365813372729731e-49,-0.0017769218373579043
GLIS2,0.0,0.0,-0.009005465958187818
GLIS3,0.0,0.0,-0.008416410218204412
GMEB1,0.0,0.0,-0.0034119608618683045
GMEB2,0.0,0.0,-0.012629986395028076
GRHL1,0.0,0.0,-0.005114757785563373
GRHL2,0.8705022641275206,1.0,-0.0005655223352261079
GSC,3.5456762542554316e-26,3.7761452107820346e-23,-7.017481884648638e-05
GSC2,1.2367259519304919e-145,1.3171131388059739e-142,0.0008930585210795566
GSX1,0.0,0.0,-0.001162505616983528
GSX2,4.9015794394261005e-17,5.220182102988797e-14,0.0007331579389831394
GTF3A,0.0,0.0,0.002498606584917843
HAND2,2.4249986740787005e-254,2.5826235878938162e-251,-0.021694533142486316
HBP1,0.0,0.0,-0.003184702648655299
HDX,3.1576518496039683e-155,3.362899219828226e-152,-0.0013964302459051788
HES1,0.0,0.0,-0.002562118759434441
HES2,0.0,0.0,-0.002974886173605598
HES4,7.46675028882046e-190,7.95208905759379e-187,-0.0022350012400396274
HES5,0.0,0.0,-0.00524114950927566
HES6,8.713628243418855e-282,9.28001407924108e-279,-0.003809653511131574
HES7,0.0,0.0,-0.003555070003728282
HESX1,1.379572754245956e-40,1.4692449832719432e-37,-1.9309343871410853e-05
HEY1,1.6280718280615126e-264,1.733896496885511e-261,-0.0024680854817283604
HEY2,1.464137612243233e-191,1.559306557039043e-188,-0.0019472084428743056
HEYL,0.0,0.0,-0.003612263517700224
HHEX,4.3441370811822925e-130,4.626505991459142e-127,-0.0010384603294108733
HIC1,5.0242187517759e-220,5.3507929706413334e-217,-0.002330354910470924
HIC2,1.8377578280705604e-296,1.9572120868951469e-293,-0.000649442756699513
HIF1A,0.0,0.0,-0.006144233764241884
HINFP,0.0,0.0,-0.005271099956438825
HKR1,5.5181109377410306e-14,5.876788148694197e-11,0.0012420347195744308
HLF,0.0,0.0,0.04745763897579547
HLX,0.0,0.0,-0.001330192186546491
HMBOX1,0.0,0.0,-0.0026877233525649247
HMG20B,0.0,0.0,-0.0013829323470921535
HMGA2,0.0,0.0,-0.002712789439369391
HMX1,0.0,0.0,-0.0019676303199818272
HMX2,0.0,0.0,-0.0023437170178247013
HMX3,0.0,0.0,-0.0013777429003112782
HNF1A,9.693710222519385e-222,1.0323801386983144e-218,-0.0013935988405739744
HNF1B,0.0,0.0,-0.0031606447102974222
HNF4A,0.0,0.0,0.00541275166471015
HNF4G,0.0,0.0,0.002757773600577506
HOMEZ,0.0,0.0,-0.004789623266557222
HOXA1,1.2792596526602832e-58,1.3624115300832016e-55,0.001986084510441164
HOXA10,0.0,0.0,-0.005231441307501607
HOXA11,0.0,0.0,-0.006022412691285624
HOXA13,0.0,0.0,-0.003283313217608795
HOXA2,1.0435003019926896e-43,1.1113278216222145e-40,-0.0015397498568044017
HOXA3,0.0,0.0,0.002046421754343483
HOXA4,0.0010746022252519404,1.0,0.0008348845908113904
HOXA5,0.0,0.0,0.004396046416041854
HOXA6,2.473175961953959e-12,2.6339323994809663e-09,0.0004806893554980887
HOXA7,0.0,0.0,0.00517230516364979
HOXA9,2.014045406763561e-122,2.1449583582031924e-119,8.151829919069223e-05
HOXB1,0.0,0.0,0.0043485762201926
HOXB13,0.0,0.0,-0.0039476094444509694
HOXB2,5.566817501247931e-133,5.928660638829047e-130,0.003600724168341528
HOXB3,9.441987465017598e-27,1.0055716650243743e-23,0.00034769644482376093
HOXB4,1.8514415461818576e-41,1.9717852466836783e-38,0.002226663235383725
HOXB5,0.0,0.0,0.0034973274540345406
HOXB6,7.196558475057386e-281,7.664334775936116e-278,0.0033600042699039046
HOXB7,0.0,0.0,-0.0014559294845976787
HOXB8,0.0,0.0,0.005551678002123826
HOXB9,0.0,0.0,-0.004863133746119158
HOXC10,0.0,0.0,-0.0018166947286204736
HOXC11,0.0,0.0,-0.005380527974115535
HOXC12,0.0,0.0,-0.0017436497001514645
HOXC13,0.0,0.0,-0.0018623704821594082
HOXC4,2.9481322019681487e-127,3.1397607950960783e-124,-0.0004288212616700704
HOXC5,0.0,0.0,0.00012090733897139125
HOXC6,3.2796038893322815e-71,3.4927781421388798e-68,4.021440824528329e-05
HOXC8,1.134226551213429e-244,1.2079512770423019e-241,0.0033342025751344276
HOXC9,0.0,0.0,-0.006226222212031746
HOXD1,0.07796167803167685,1.0,0.0012604935545546363
HOXD10,2.095240186409824e-115,2.2314307985264625e-112,0.00024495115966038103
HOXD11,0.0,0.0,-0.00572315452460879
HOXD12,0.0,0.0,-0.006120259910102958
HOXD13,0.0,0.0,-0.003539898728284172
HOXD3,1.3113954462054975e-44,1.396636150208855e-41,0.0029412513238640976
HOXD4,0.0,0.0,0.004010855907113232
HOXD8,0.0,0.0,0.0055609951287972775
HOXD9,0.0,0.0,-0.0006434236815718204
HSF1,6.202128941250751e-186,6.60526732243205e-183,-0.00219122484372751
HSF2,2.3139725457441887e-74,2.464380761217561e-71,-0.0009748416679256668
HSF4,0.0,0.0,-0.0010378886947151507
HSF5,2.155341970037267e-130,2.2954391980896893e-127,-0.0038952409368111784
HSFY1,0.0,0.0,-0.0054592690652722625
HSFY2,1.8525260086783386e-285,1.9729401992424308e-282,-0.003574889935021454
IKZF3,0.11986859627100034,1.0,0.0015375435123089892
INSM1,0.0,0.0,-0.003578015820111514
IRF1,0.0,0.0,-0.027736224258923303
IRF2,0.0,0.0,-0.011200105077723566
IRF3,0.0,0.0,-0.018984063779584476
IRF4,0.0,0.0,0.00988356638595185
IRF5,0.0,0.0,-0.018989065374768063
IRF6,0.0,0.0,-0.010831263073367618
IRF7,0.0,0.0,-0.02196461059961735
IRF8,0.0,0.0,-0.028061164444886877
IRF9,0.0,0.0,-0.027976319917385584
IRX1,0.00013028013091233786,0.13874833942163983,-0.001263728327191193
IRX2,0.00010560419121232145,0.11246846364112234,-0.0014710716907541908
IRX3,0.0,0.0,-0.0030044093338986062
IRX4,0.0,0.0,-0.0013775212597469427
IRX5,1.1008810554588885e-13,1.1724383240637162e-10,-0.0007630282966116682
IRX6,3.966554951834655e-292,4.224381023703908e-289,-0.002426263920530497
ISL1,0.0,0.0,-0.0016246333537702086
ISL2,0.0,0.0,-0.0017760428062658824
ISX,1.0104139562312961e-269,1.0760908633863304e-266,-0.001226140041431836
JDP2,0.0,0.0,0.05651783132738797
JUN,0.0,0.0,0.010000489533537577
JUNB,0.0,0.0,0.05770060085465473
JUND,0.0,0.0,0.027948108951404094
KDM2A,0.0,0.0,-0.0034165256114828055
KDM2B,2.2742296801982747e-287,2.4220546094111626e-284,-0.002264188326073226
KLF1,0.0,0.0,-0.006715290510087464
KLF10,0.0,0.0,-0.005032449950147427
KLF11,0.0,0.0,-0.008704512108007375
KLF12,0.0,0.0,-0.008881860288779173
KLF13,0.0,0.0,-0.0065410342408548025
KLF14,0.0,0.0,-0.009753208191818852
KLF15,0.0,0.0,-0.007022072100977522
KLF16,0.0,0.0,-0.0039191456676777765
KLF17,1.438682190277345e-185,1.5321965326453725e-182,-0.004856501206913496
KLF2,0.0,0.0,-0.006976869006315153
KLF3,0.0,0.0,-0.005926065196588226
KLF4,5.259212104637565e-268,5.601060891439006e-265,-0.0032409947507938005
KLF5,0.0,0.0,-0.005028589668427209
KLF6,0.0,0.0,-0.005110475656695552
KLF7,0.0,0.0,-0.006888782194199847
KLF8,0.0,0.0,-0.004753813602316952
KLF9,9.19958321724643e-227,9.797556126367447e-224,-0.004698595728670476
KMT2A,0.0,0.0,-0.003454184750688316
LBX1,0.0,0.0,-0.0021011546347924157
LBX2,0.0,0.0,-0.003255203620360119
LCOR,0.0,0.0,-0.001350360583428749
LCORL,3.3926676911973895e-150,3.61319109112522e-147,-0.00026063944386286574
LEF1,9.017690610665307e-268,9.603840500358551e-265,-0.012456487105291805
LHX1,0.0,0.0,0.0028551698123955027
LHX2,0.0,0.0,-0.0011672187188898322
LHX3,4.890339907946918e-09,5.208212001963468e-06,0.0005924173408924944
LHX4,6.983762376566635e-07,0.0007437706931043466,0.0010793376838165447
LHX5,2.576936241394646e-06,0.0027444370970852983,0.0010463886216642068
LHX6,0.0,0.0,-0.0012605264059648152
LHX8,3.046070505648704e-176,3.2440650885158694e-173,-0.0005968629189975844
LHX9,0.0,0.0,-0.0031801186753015686
LIN28B,0.0,0.0,-0.00866433478669612
LIN54,0.0,0.0,-0.006564596841230175
LMX1A,0.0,0.0,-0.002554004850141206
LMX1B,3.763309707180501e-26,4.007924838147234e-23,0.0005912265885801684
MAF,0.007267237619334509,1.0,-0.0004889013430799984
MAFA,0.0,0.0,0.0020989544818828254
MAFB,0.0,0.0,0.04604542701007652
MAFF,0.0,0.0,0.04712112098408264
MAFG,0.0,0.0,0.0353323829723739
MAFK,0.0,0.0,0.027369315879740896
MAX,1.5189931448104142e-151,1.6177276992230913e-148,0.001109755203287141
MAZ,0.0,0.0,-0.006997631314316601
MBNL2,0.0,0.0,-0.003888062414982506
MECOM,0.0,0.0,-0.010223014181942297
MECP2,0.0,0.0,-0.004036626253665611
MEF2A,0.0,0.0,-0.004122043855743175
MEF2B,1.5810379009174285e-127,1.6838053644770614e-124,-0.0003785681347089759
MEF2C,0.0,0.0,-0.004113047798712018
MEF2D,0.0,0.0,-0.005551191127517297
MEIS1,0.021432804782320354,1.0,-0.0008403196432407384
MEIS2,0.0,0.0,-0.008380025140431124
MEIS3,0.0,0.0,-0.008091275210093868
MEOX1,2.4408062086547446e-255,2.599458612217303e-252,-0.0005249134468830879
MEOX2,0.0,0.0,-0.002137140962593879
MESP1,0.0,0.0,-0.014522445218307672
MESP2,4.927406062011781e-188,5.2476874560425464e-185,-0.0006769057186667773
MGA,0.0,0.0,-0.009753428657524876
MITF,0.0,0.0,0.006905145029254711
MIXL1,0.0,0.0,-0.0011228596020611365
MLX,7.38697069996787e-257,7.867123795465782e-254,0.002882029743415504
MLXIP,1.01442727989832e-137,1.0803650530917108e-134,-0.0017837787086921048
MLXIPL,2.3590080969436263e-08,2.512343623244962e-05,-0.0001338274288418817
MNT,2.966628002669484e-180,3.1594588228430007e-177,-0.001522087366744397
MNX1,0.00021557903936967782,0.22959167692870688,0.001452650274360194
MSANTD3,1.0714915530814525e-48,1.1411385040317469e-45,-0.0009884943783057673
MSC,0.0,0.0,-0.007638761035484401
MSGN1,4.142803012483733e-278,4.412085208295176e-275,0.0015301083331362916
MSX1,0.0,0.0,0.0036900260096588526
MSX2,1.3832773020121596e-145,1.47319032664295e-142,0.0009598342651519895
MTF1,0.0,0.0,-0.005658726375103645
MTF2,0.0,0.0,-0.004323077113813509
MXI1,0.0,0.0,-0.0027411508633437935
MYB,0.0,0.0,0.002434948614223246
MYBL1,0.0,0.0,-0.005729096083336521
MYBL2,0.0,0.0,-0.007785011648712467
MYC,0.0,0.0,-0.002299134043625698
MYCN,0.0,0.0,-0.0012254179511629881
MYF5,0.0,0.0,-0.005662261692157763
MYF6,1.98891822115055e-310,2.1181979055253394e-307,-0.0061178919007784695
MYNN,0.0,0.0,-0.005027837779003952
MYOD1,0.0,0.0,-0.006059390748944363
MYOG,0.0,0.0,-0.005932890698085922
MYPOP,0.0,0.0,0.008927238099663296
MYRF,0.0,0.0,-0.006970768635941621
MYT1L,0.0,0.0,-0.0023033168658609104
MZF1,0.0,0.0,-0.000977367672947857
NAIF1,0.0,0.0,0.002864710605023482
NANOG,0.0,0.0,-0.002541156240227628
NEUROD1,1.0051197549367181e-103,1.0704525390076049e-100,-6.715684883346236e-06
NEUROD2,0.0,0.0,-0.0012424423961493458
NEUROG1,0.0,0.0,0.003212441875801348
NEUROG2,0.0,0.0,0.001077993309648296
NEUROG3,3.626305111757557e-198,3.862014944021798e-195,0.0011450203649752255
NFAT5,8.688769667610372e-241,9.253539696005047e-238,-0.0012147746870017177
NFATC1,2.3121211275935364e-244,2.462409000887116e-241,-0.0006035228789411755
NFATC2,0.0,0.0,-0.004604884526323117
NFATC3,0.0,0.0,-0.0021785880983798377
NFATC4,0.0,0.0,-0.004179107228373189
NFE2,0.0,0.0,0.07900869533313981
NFE2L1,0.0,0.0,0.05380943735672178
NFE2L2,0.0,0.0,0.059212271335567224
NFIA,0.0,0.0,0.001603911857140771
NFIB,0.0,0.0,0.0016064762462078483
NFIC,4.2654758426753567e-129,4.542731772449255e-126,4.5864962936309744e-05
NFIL3,0.0,0.0,0.04308840462681751
NFIX,0.0,0.0,0.0028362658340783595
NFKB1,0.0,0.0,-0.016621307349529997
NFKB2,0.0,0.0,-0.003354801257497403
NFYA,2.7746987242202426e-28,2.955054141294558e-25,0.0003317940073268022
NFYB,0.007578529917567221,1.0,0.0028157190793851594
NHLH1,0.0,0.0,-0.009935901008450751
NHLH2,0.0,0.0,-0.011717496792877105
NKX1-1,0.0,0.0,-0.001010840679708783
NKX1-2,0.0,0.0,-0.0017539308719963977
NKX2-2,0.0,0.0,-0.0023353053703553377
NKX2-3,0.0,0.0,-0.002744796410321806
NKX2-4,0.0,0.0,-0.0025528467164011633
NKX2-5,0.0,0.0,-0.0028210360721915096
NKX2-6,0.0,0.0,-0.0014939099486675983
NKX2-8,0.0,0.0,-0.0031004507866631012
NKX3-1,0.0,0.0,-0.004426130414399697
NKX3-2,0.0,0.0,-0.005805536896138634
NKX6-1,0.0,0.0,-0.0011036133119027474
NKX6-2,5.794399827062718e-47,6.171035815821795e-44,0.0018567111518690924
NKX6-3,1.4452831563776132e-21,1.539226561542158e-18,0.000294223755023533
NOBOX,3.1670533662865753e-164,3.3729118350952026e-161,-0.0003477524190834899
NOTO,8.195104910145026e-144,8.727786729304452e-141,-0.0005367493435970282
NPAS2,2.374289081739802e-181,2.528617872052889e-178,-0.0036480663374856455
NR1D1,3.194633710539433e-309,3.402284901724497e-306,0.006953082241034664
NR1D2,0.0,0.0,0.0012588958091182961
NR1H4,0.0,0.0,0.008805173400488094
NR1I2,5.238591388868955e-257,5.5790998291454364e-254,-0.0019034660820116747
NR1I3,0.0,0.0,-0.0024847718711919274
NR2C1,0.0,0.0,-0.002812822601812641
NR2C2,0.0,0.0,-0.016397917408993323
NR2E1,0.0,0.0,0.0060562213270359475
NR2E3,0.0,0.0,0.0019242242733740565
NR2F1,0.0,0.0,0.003885324980865376
NR2F2,0.0,0.0,0.0048710648527205275
NR2F6,0.0,0.0,-0.0024115318520028578
NR3C1,0.0,0.0,-0.000658338326380444
NR3C2,0.0,0.0,-0.0019391718467738142
NR4A1,0.0,0.0,0.00469788534887906
NR4A2,5.817525763127233e-64,6.1956649377305025e-61,0.0011688555718847513
NR4A3,5.6290925083126925e-136,5.994983521353017e-133,0.0015177671039700372
NR5A1,0.0,0.0,0.003188446474695506
NR5A2,0.0,0.0,0.003606814203439935
NR6A1,0.0,0.0,0.00221302155806297
NRF1,0.0,0.0,-0.009765877876443646
NRL,1.779070129520787e-123,1.894709687939638e-120,-5.2306190660839774e-05
OLIG1,0.0,0.0,-0.0007539217324144744
OLIG2,0.0,0.0,-0.0007874858414642968
OLIG3,0.008779596563529491,1.0,0.0007348444035487553
ONECUT1,0.0,0.0,-0.006741312188382591
ONECUT2,0.0,0.0,-0.003881105888891078
ONECUT3,0.0,0.0,-0.003115605747111734
OSR1,0.0,0.0,-0.0043552687538575535
OSR2,0.0,0.0,-0.003640786855282737
OTP,0.0,0.0,-0.002524822671854361
OTX1,4.442764971365261e-40,4.731544694504003e-37,0.0006412357607593969
OTX2,6.03855832958918e-11,6.431064621012476e-08,0.00039176625010049065
OVOL1,0.0,0.0,-0.0038024878738684743
OVOL2,0.0,0.0,-0.004773195023269594
PATZ1,0.0,0.0,-0.006047988764655593
PAX1,0.0,0.0,-0.0016925005400978271
PAX2,0.0,0.0,0.0006586182043556849
PAX3,2.1790521373284003e-104,2.3206905262547462e-101,-0.00023624123086786464
PAX4,8.926757997859139e-261,9.506997267719982e-258,-0.000496087735687099
PAX5,0.0,0.0,-0.001241181262603995
PAX6,0.0,0.0,-0.0022293916809659926
PAX7,3.8185015444979958e-239,4.066704144890365e-236,-0.0007914566036762993
PAX8,7.901662465018639e-06,0.00841527052524485,0.0006038049128960499
PAX9,1.3701025637041538e-138,1.459159230344924e-135,0.0022663791848658854
PBX1,0.0,0.0,-0.00692497453935477
PBX2,0.0,0.0,-0.003057891880427001
PBX3,7.91131318504596e-49,8.425548542073947e-46,-8.725634471098975e-05
PBX4,0.0,0.0,-0.00250623680237479
PDX1,2.2522496479715677e-205,2.39864587508972e-202,0.003978096605968609
PGR,0.0,0.0,-0.0015560248058585427
PHF1,0.0,0.0,-0.00320750311362495
PHOX2A,0.5616250068086548,1.0,0.0012877439931901803
PHOX2B,4.2628290141718716e-83,4.539912900093043e-80,-0.00024995787903330305
PITX1,1.6871334033819995e-96,1.7967970746018295e-93,0.001182052590701135
PITX2,0.0,0.0,0.0010075050549824766
PITX3,0.0,0.0,0.0023818284096418056
PKNOX1,0.0,0.0,-0.017437154262708282
PKNOX2,0.0,0.0,-0.019535288746360208
PLAG1,0.0,0.0,-0.0019831216910262753
PLAGL1,0.0,0.0,-0.004984073702173908
PLAGL2,0.0,0.0,-0.005943953436625529
POGK,0.0,0.0,-0.0043503962784965135
POU1F1,0.0,0.0,0.00633441410195127
POU2F1,2.677068931579961e-273,2.8510784121326585e-270,0.00033696252558135237
POU2F2,0.0,0.0,-0.003196471027795529
POU2F3,0.0,0.0,-0.002221016520500954
POU3F1,1.669981185010582e-182,1.77852996203627e-179,-0.0008824268082317545
POU3F2,0.0,0.0,-0.0023387175947161346
POU3F3,0.0,0.0,-0.0027506307652223963
POU3F4,1.7923664873164406e-212,1.9088703089920092e-209,-0.0006755029726655314
POU4F1,0.025149466140938978,1.0,0.0009299217325606235
POU4F2,2.281661653786273e-25,2.429969661282381e-22,0.0026503506619183284
POU4F3,0.0,0.0,-0.0010339151558281278
POU5F1,8.679752434647028e-287,9.243936342899086e-284,0.0031020305777149284
POU5F1B,0.0,0.0,-0.002377773799256898
POU6F1,1.6621441491269446e-295,1.770183518820196e-292,-0.0014388096338982404
POU6F2,1.401404777781367e-156,1.4924960883371558e-153,-0.0007090402317938178
PPARD,0.0,0.0,0.00423973599169989
PPARG,0.0,0.0,0.006600803214204143
PRDM1,0.0,0.0,-0.010192468189122235
PRDM4,0.0,0.0,-0.007926019323923575
PRDM6,0.0,0.0,-0.005944964574394567
PRDM9,0.0,0.0,-0.005858758565885984
PROP1,5.0015593089600856e-272,5.326660664042491e-269,-0.0007315197814798703
PROX1,0.0,0.0,-0.005483404123566831
PRRX1,0.0,0.0,-0.0012556932013710461
PRRX2,0.0,0.0,-0.004587041348248737
PTF1A,0.0,0.0,-0.0032723522669044526
RARA,0.0,0.0,0.0033708348155144785
RARB,0.0,0.0,0.0178168754703137
RARG,0.0,0.0,0.004560836565428772
RAX,9.979623972165194e-119,1.0628299530355932e-115,-0.000392272439959444
RAX2,7.94146757401782e-189,8.457662966328978e-186,-0.000396311483935435
RBAK,0.04195735118549421,1.0,0.0009641827501183919
RBPJ,0.0,0.0,0.004570802901380599
REL,1.201264220633583e-38,1.2793463949747658e-35,0.0025731135867221033
RELA,5.092728016595018e-181,5.423755337673694e-178,-0.0010658983074161134
RELB,0.00016137828293547713,0.17186787132628314,0.0019666526514894
REST,2.425631100137722e-07,0.0002583297121646674,-0.0008605532536922131
RFX1,0.0,0.0,-0.008245397645796987
RFX2,0.0,0.0,-0.004392480385253049
RFX3,0.0,0.0,-0.0019148402794690322
RFX4,0.0,0.0,-0.005094047924869768
RFX5,0.0,0.0,-0.003899405456833983
RFX6,0.0,0.0,-0.004273741911636603
RFX7,0.0,0.0,-0.00456490287378199
RFX8,0.0,0.0,-0.004676753618097697
RHOXF1,0.0,0.0,-0.00356929094144183
RHOXF2,0.0,0.0,0.0026151434237393113
RORA,0.0,0.0,0.004655191865351797
RORB,0.0,0.0,0.009008991036979386
RORC,0.0,0.0,0.0024564327969967964
RREB1,0.0,0.0,-0.012807403617858842
RUNX1,0.0,0.0,-0.011685066069828096
RUNX2,0.0,0.0,-0.038852716080626765
RUNX3,0.0,0.0,-0.02445199406915958
RXRA,0.0,0.0,0.002901502459406435
RXRB,0.0,0.0,0.004146135672728167
RXRG,0.0,0.0,0.001980660131478608
SCRT1,2.1328702918363378e-149,2.2715068608056996e-146,-0.012777204002639597
SCRT2,2.3095067062134747e-99,2.4596246421173508e-96,-0.00892682651847225
SEBOX,4.843504103797068e-93,5.158331870543878e-90,-0.000191838505831661
SHOX,6.199552520627728e-47,6.60252343446853e-44,0.00022285056560370853
SHOX2,2.8065595839261015e-166,2.988985956881298e-163,-0.0005466774069012789
SIX1,0.0,0.0,-0.007896686084128936
SIX2,0.0,0.0,-0.0066297001438396785
SIX3,0.0,0.0,-0.003232978308785786
SIX4,0.0,0.0,-0.004573606510044917
SIX5,0.0,0.0,-0.007289506873965859
SIX6,0.0,0.0,-0.004457636047650524
SKOR1,0.0,0.0,-0.0026084210940574048
SKOR2,0.0,0.0,-0.003931697870422149
SMAD3,0.0,0.0,-0.0014235311322899017
SMAD4,0.0,0.0,-0.0014869960697253617
SMAD5,2.6299158796136026e-63,2.800860411788487e-60,-0.0005234741154435049
SMAD9,0.0,0.0,-0.006000787213957748
SNAI1,1.3466730630713056e-288,1.4342068121709405e-285,-0.018894727150247426
SNAI2,1.3477733697931064e-259,1.4353786388296584e-256,-0.015346820834920671
SNAI3,5.15755003025435e-249,5.492790782220883e-246,-0.020809177074954638
SOHLH2,0.14455497858192404,1.0,-0.0009626016092938172
SOX1,0.0,0.0,-0.0008097453468079961
SOX10,0.0,0.0,-0.0046471041692385875
SOX11,0.0,0.0,-0.0014459827283613627
SOX12,0.0,0.0,-0.003859006104091983
SOX13,0.0,0.0,0.006321600571933879
SOX14,0.0,0.0,0.0016526502830963088
SOX15,0.0,0.0,0.0026130611952358152
SOX17,0.0,0.0,0.0020700037525401976
SOX18,0.0,0.0,0.0011824859511806868
SOX2,0.0,0.0,0.001285812594423466
SOX21,0.0,0.0,0.0021465971033303817
SOX3,1.25398360075142e-193,1.3354925348002623e-190,0.0011990157578165225
SOX30,1.8733280700251832e-305,1.9950943945768202e-302,0.0019203927913388746
SOX4,7.294000169415398e-102,7.768110180427399e-99,-0.0019565048059825285
SOX5,8.252494803735583e-83,8.788906965978396e-80,-0.00012503706009352883
SOX6,1.1437018427325862e-60,1.2180424625102043e-57,-9.478802268845371e-05
SOX7,9.504605983703834e-252,1.0122405372644583e-248,0.00046762276189952524
SOX8,0.0,0.0,0.0026216450913141964
SOX9,8.997149678077851e-07,0.0009581964407152911,0.0005711524875812134
SP1,0.0,0.0,-0.007713318358275399
SP2,6.08495753211542e-08,6.480479771702922e-05,-0.0005622655742398841
SP3,0.0,0.0,-0.007454968170036005
SP4,0.0,0.0,-0.010059249045324056
SP5,3.452606124195488e-147,3.677025522268195e-144,-0.0009621827043232861
SP7,0.0,0.0,-0.006508936070736954
SP8,0.0,0.0,-0.007277332422386491
SP9,0.0,0.0,-0.006922370993446766
SPDEF,0.0,0.0,-0.018779600882433495
SPI1,9.367511551402802e-75,9.976399802243985e-72,0.012437225887770631
SPIB,4.5245003929104203e-41,4.818592918449598e-38,0.0015936926079056501
SPIC,4.787998095014498e-57,5.099217971190441e-54,0.006349530321335423
SREBF1,4.314406081458494e-84,4.594842476753296e-81,-0.002659819394468804
SREBF2,3.796716462898814e-135,4.043503032987237e-132,-0.00206753680843947
SRF,4.301545317959301e-114,4.5811457636266556e-111,0.004330575344735771
SRY,0.0,0.0,0.0018910175189354953
STAT1,0.0,0.0,-0.002601616203333365
STAT2,0.0,0.0,-0.017188239806266797
STAT3,0.0,0.0,-0.005133041744522671
STAT4,0.0,0.0,-0.003954107289284536
STAT6,0.0,0.0,-0.001001311650436502
T,0.0,0.0,-0.019516773130145354
TBP,0.0,0.0,-0.002153640174067016
TBR1,0.0,0.0,-0.014255765546779292
TBX1,0.0,0.0,-0.021531937724523054
TBX10,0.0,0.0,-0.010421589073881549
TBX15,0.0,0.0,-0.03751160831149397
TBX18,0.0,0.0,-0.013549610518383812
TBX19,1.9900469076792095e-282,2.1193999566783582e-279,-0.014869938084505513
TBX2,5.360074844880228e-86,5.708479709797443e-83,-0.003473883334622258
TBX20,0.0,0.0,-0.02270635597365997
TBX21,6.0649275294682e-194,6.459147818883634e-191,-0.009438660086293293
TBX3,0.0,0.0,-0.008072542896089739
TBX4,0.0,0.0,-0.01051394252364754
TBX5,0.0,0.0,-0.009189193708631693
TBX6,0.0,0.0,-0.009935143670226784
TCF12,0.0,0.0,-0.0075787939278002675
TCF21,0.0,0.0,-0.004746013975220925
TCF3,0.0,0.0,-0.0177206726044781
TCF4,4.4962189585030407e-246,4.788473190805738e-243,-0.015397166823357095
TCF7,1.39603896801637e-225,1.486781500937434e-222,-0.009723786921032193
TCF7L1,2.0080686675648703e-187,2.1385931309565867e-184,-0.021754760629299125
TCF7L2,9.554446159866096e-160,1.0175485160257393e-156,-0.014065374940466766
TCFL5,0.0,0.0,-0.006173843257449595
TEAD1,2.0116206160244918e-28,2.142375956066084e-25,-0.0005637518274298255
TEAD2,0.0,0.0,0.002913981702707921
TEAD3,0.0,0.0,0.004374311847153678
TEAD4,7.60512524954014e-10,8.099458390760249e-07,0.000494380546065859
TEF,0.0,0.0,0.06936145848650693
TERF2,0.0,0.0,-0.0012509812978523651
TET1,0.0,0.0,-0.0036136719439336315
TFAP2A,1.3857788481048383e-12,1.4758544732316527e-09,0.00044691864067267174
TFAP2B,1.4199176450399078e-211,1.5122122919675018e-208,-0.0006882997627032294
TFAP2C,0.0,0.0,0.0017543262540249838
TFAP2D,0.0,0.0,-0.002614609699969128
TFAP2E,0.0,0.0,-0.002148811110172916
TFAP4,0.0,0.0,-0.0026805415266486082
TFCP2,0.0,0.0,-0.005557262085578448
TFCP2L1,0.0,0.0,-0.003774377411798535
TFDP1,0.0,0.0,-0.0024821519255943114
TFE3,0.0,0.0,-0.0011629114491851361
TFEB,0.0,0.0,0.004932870603269357
TFEC,0.0,0.0,0.0024715392132701464
TGIF1,0.0,0.0,-0.014652726179332803
TGIF2,0.0,0.0,-0.012285974197701444
TGIF2LX,0.0,0.0,-0.01538997471459938
TGIF2LY,0.0,0.0,-0.006866296199583616
THAP1,0.0,0.0,-0.0026028255815075674
THAP12,0.0,0.0,-0.0010091611899121673
THRA,0.0,0.0,0.014486533857874934
THRB,0.0,0.0,0.0010901117786192363
TIGD1,0.0,0.0,0.009437699800590227
TIGD2,0.0,0.0,-0.0036154345706136334
TIGD6,0.0,0.0,-0.0031043927930169517
TLX2,2.5140697205059392e-62,2.677484252338825e-59,-0.0009419592728333803
TLX3,0.0,0.0,0.00300163518390794
TP53,0.0,0.0,0.0016437054612872663
TP63,0.0,0.0,0.021575271528778917
TP73,0.0,0.0,0.0031298748615317066
TPRX1,2.304413511686083e-16,2.4542003899456784e-13,-0.0013102136891130576
TRPS1,0.0,0.0,-0.00781386516608518
TWIST1,5.642689825198875e-92,6.009464663836802e-89,-0.0006060519252257396
TWIST2,0.0,0.0,-0.0015807489674688462
UBP1,0.0,0.0,-0.0032364426267254623
UNCX,0.0,0.0,-0.001246611664787087
USF1,1.393148645065084e-197,1.4837033069943145e-194,0.006229821740831254
USF2,2.8958563716846673e-108,3.0840870358441707e-105,0.004023170288722011
VAX1,1.7917537128245133e-127,1.9082177041581065e-124,-0.000361237856967627
VAX2,6.671033128628494e-10,7.104650281989346e-07,-0.00015104370827449635
VDR,2.9517184880520825e-169,3.143580189775468e-166,-0.0033922829413666894
VENTX,0.0,0.0,-0.002546255179291322
VEZF1,0.0,0.0,-0.010765932404163778
VSX1,0.0,0.0,-0.0005602156425466003
VSX2,0.0,0.0,-0.0028196239833105097
WT1,0.0,0.0,-0.0023845332977669286
XBP1,4.086181379662653e-252,4.3517831693407254e-249,-0.004115023920419847
XPA,0.0,0.0,-0.008780892278568153
YBX1,1.1965254036891141e-99,1.2742995549289065e-96,-0.0018751024690024337
YY1,0.0,0.0,-0.009559417964877331
YY2,0.0,0.0,-0.011116716096444101
ZBED1,0.0,0.0,-0.004818154076336123
ZBTB1,0.0,0.0,-0.0035927692691806647
ZBTB12,0.0,0.0,-0.004075602253590681
ZBTB14,0.0,0.0,-0.010062484272618355
ZBTB18,0.0,0.0,-0.009004259062162102
ZBTB2,0.0,0.0,-0.013583980816829964
ZBTB20,0.0,0.0,-0.0032505916884376426
ZBTB22,0.0,0.0,0.0037393489044568323
ZBTB26,0.0,0.0,-0.010276750677531685
ZBTB3,0.0,0.0,-0.0008396591975651175
ZBTB32,0.0,0.0,0.002141664244201119
ZBTB33,0.0,0.0,-0.003979094341944128
ZBTB37,6.772850230631037e-288,7.213085495622055e-285,-0.0014950500540942546
ZBTB42,0.0,0.0,-0.002132017164441849
ZBTB43,0.0,0.0,-0.004600455146512836
ZBTB44,1.0730057923180251e-181,1.1427511688186967e-178,0.0005866609122468884
ZBTB45,0.0,0.0,-0.00509191775947534
ZBTB48,0.41202696537438666,1.0,0.001180492701785659
ZBTB49,2.6673036799407756e-221,2.840678419136926e-218,-0.0016334411563384416
ZBTB6,0.0,0.0,-0.0024383618542805543
ZBTB7A,2.939258709510606e-298,3.1303105256287957e-295,-0.004290257642817423
ZBTB7B,0.0,0.0,-0.004269574611276453
ZBTB7C,0.0,0.0,-0.004913322660916007
ZEB1,3.227348538573402e-157,3.437126193580673e-154,-0.01768159931039015
ZEB2,9.048491745607965e-220,9.636643709072483e-217,-0.017205365823064644
ZFHX2,0.0,0.0,-0.0018715078599006898
ZFHX3,0.0,0.0,-0.0010695923682831742
ZFP1,0.00015407677399747894,0.16409176430731506,0.0009797098489096115
ZFP14,0.0,0.0,0.002692319259625587
ZFP28,0.0,0.0,-0.006715788303643831
ZFP3,0.0,0.0,0.0007623543420245474
ZFP41,4.195414275440706e-267,4.468116203344352e-264,-0.004773206959345952
ZFP42,0.0,0.0,-0.0027896001144007143
ZFP57,0.0,0.0,-0.008603147686906584
ZFP64,0.0,0.0,-0.0017762069402501727
ZFP69,0.0,0.0,-0.008883951717542688
ZFP69B,0.0,0.0,0.0002677762109847791
ZFP82,1.538765992198876e-05,0.01638785781691803,0.00223497777945688
ZFP90,0.0,0.0,-0.005506671808958745
ZFX,0.0,0.0,-0.003992975595076213
ZHX1,0.0,0.0,-0.0021864506648651503
ZIC1,0.0,0.0,-0.004443450577448567
ZIC2,0.0,0.0,-0.0015123864804536154
ZIC3,0.0,0.0,-0.008561257599525356
ZIC4,0.0,0.0,-0.004796831883945657
ZIC5,0.0,0.0,-0.005975823563962801
ZIK1,3.3590331137133445e-81,3.577370266104712e-78,-0.0001802292991219985
ZIM2,2.4732030768340734e-40,2.633961276828288e-37,0.00038854481445922684
ZIM3,0.0,0.0,-0.007112521043861397
ZKSCAN1,0.0,0.0,-0.0011860199795840493
ZKSCAN2,0.0,0.0,-0.005923541127667846
ZKSCAN3,2.641404143814205e-10,2.8130954131621286e-07,-0.00013859915719273072
ZKSCAN5,0.0,0.0,-0.0037398234087853734
ZKSCAN7,2.991598854631014e-270,3.1860527801820296e-267,-0.0037339173029349217
ZNF10,7.789746028794694e-154,8.296079520666348e-151,-0.0026878498714120354
ZNF100,0.0,0.0,-0.009372541372890342
ZNF101,0.0,0.0,0.0014325136287974098
ZNF114,0.0,0.0,-0.013414777016919385
ZNF12,0.0,0.0,-0.004720353457741662
ZNF121,4.962272829029624e-120,5.284820562916549e-117,0.00125458743694596
ZNF124,9.883383117027472e-14,1.0525803019634258e-10,0.0015421218019139003
ZNF132,2.9216109414261075e-195,3.1115156526188045e-192,0.007944781678290117
ZNF133,0.0,0.0,-0.004406528471934196
ZNF134,0.0,0.0,-0.00845085219550968
ZNF135,0.0,0.0,-0.002120499417143519
ZNF136,0.0,0.0,-0.00505902846860206
ZNF140,0.764118326264594,1.0,0.0010936023570953246
ZNF141,0.0,0.0,-0.009835246251785697
ZNF143,4.456584315731368e-225,4.746262296253907e-222,-0.0022385829231954535
ZNF146,0.0,0.0,0.0025587237050249123
ZNF154,6.525252145549922e-209,6.949393535010666e-206,-0.000725701965099905
ZNF157,0.0,0.0,0.0013832371257620837
ZNF16,0.0,0.0,0.0012908976923407638
ZNF169,0.0,0.0,0.0009773361217131431
ZNF17,0.0,0.0,-0.006361418680279661
ZNF174,0.0,0.0,0.006779900391543789
ZNF175,0.0,0.0,-0.002044938073139921
ZNF177,0.0,0.0,0.0036876570929598312
ZNF18,0.0,0.0,-0.0052728366939064075
ZNF180,0.0,0.0,-0.003663143910540574
ZNF181,0.0,0.0,-0.0031894466711037046
ZNF182,0.0,0.0,-0.00830001524026118
ZNF184,0.0,0.0,-0.0063752189233261345
ZNF189,9.120902231963489e-21,9.713760877041115e-18,0.0042897738169767954
ZNF19,1.1556223869416534e-60,1.2307378420928608e-57,-0.0013786958978244564
ZNF197,0.0,0.0,-0.0006734695699798221
ZNF2,0.0,0.0,-0.01097624700038264
ZNF200,3.5642838608428005e-23,3.795962311797583e-20,0.00293711260866808
ZNF202,0.0,0.0,-0.0016972582088898153
ZNF205,0.0,0.0,0.003381370430259388
ZNF211,0.0,0.0,-0.006212073192519336
ZNF212,0.0,0.0,-0.019476361162990924
ZNF213,0.0,0.0,-0.006586174301609002
ZNF214,7.17236393378723e-44,7.6385675894834e-41,-0.0005115629980282517
ZNF22,0.0,0.0,-0.010183225524315657
ZNF222,0.0,0.0,-0.0027892197229976243
ZNF223,7.14483956167281e-211,7.609254133181542e-208,-0.004176670007678074
ZNF224,0.0,0.0,0.0010844866480925475
ZNF225,0.0,0.0,-0.008864047077514314
ZNF23,0.0,0.0,-0.0018030420011970055
ZNF232,0.0,0.0,-0.006435035917898478
ZNF235,0.0,0.0,-0.01035618580462492
ZNF24,2.168569621637832e-20,2.309526647044291e-17,0.0004677052194442255
ZNF248,0.0,0.0,0.0010971832729255704
ZNF25,5.108405451433052e-11,5.4404518057762004e-08,0.00196652074386346
ZNF250,0.0,0.0,0.0011335134671453424
ZNF254,9.33994499579948e-164,9.947041420526446e-161,-0.0009222382043852957
ZNF257,5.629257248156713e-172,5.995158969286899e-169,-0.0013504651719546436
ZNF26,0.0,0.0,0.007680562868905463
ZNF260,8.517574543230486e-153,9.071216888540467e-150,0.0020169240859673337
ZNF263,0.0,0.0,-0.00206122587551363
ZNF264,0.0,0.0,-0.004016546366277339
ZNF266,5.841720101759778e-187,6.221431908374164e-184,0.0003035776265392174
ZNF267,0.0,0.0,-0.0014914761380908637
ZNF273,0.0,0.0,-0.0026632051769613857
ZNF274,5.298965771074996e-09,5.643398546194871e-06,3.879257928322832e-06
ZNF276,0.0,0.0,-0.007124120144159795
ZNF28,0.0,0.0,-0.00651270907550075
ZNF280A,1.9566745548570446e-170,2.0838584009227523e-167,-0.004514525912323666
ZNF281,0.0,0.0,-0.006895212571063404
ZNF282,0.0,0.0,-0.000772595817560979
ZNF283,0.0,0.0,0.003121386230329093
ZNF284,5.125427707646464e-281,5.458580508643484e-278,-0.00362052634819069
ZNF285,3.973258448044155e-22,4.2315202471670252e-19,0.0010303839805566282
ZNF287,0.0,0.0,-0.013707871939349317
ZNF296,0.0,0.0,0.010752693326592483
ZNF3,3.3908611204034295e-145,3.611267093229652e-142,0.0013914900583186438
ZNF30,0.0,0.0,-0.0031931916691979104
ZNF300,9.92599955835058e-246,1.0571189529643368e-242,-0.008166918752371029
ZNF302,0.0,0.0,0.0011740850175944034
ZNF304,1.0739412813943006e-165,1.1437474646849303e-162,-0.0007074459646729397
ZNF311,0.0,0.0,-0.010703801868689935
ZNF317,4.7828527874806445e-62,5.093738218666886e-59,0.00033296969987074015
ZNF32,0.011359898569361213,1.0,-0.0013019287951218372
ZNF320,8.304769088890247e-89,8.844579079668113e-86,0.001399317493634119
ZNF322,1.4785320146628574e-119,1.5746365956159432e-116,-0.002829689301903771
ZNF324,0.0,0.0,0.005761227567798156
ZNF324B,5.160378257273457e-224,5.495802843996232e-221,3.569992261846962e-05
ZNF329,1.1015553553663282e-153,1.1731564534651395e-150,0.00033184050071449755
ZNF331,3.1108744512736606e-81,3.3130812906064487e-78,-0.0023609413067382165
ZNF333,5.546984470549067e-50,5.907538461134756e-47,-0.00034461012042790264
ZNF334,0.0,0.0,-0.0012684969397487866
ZNF337,3.899857110325841e-204,4.153347822497021e-201,-0.0024936707360258808
ZNF33A,0.0,0.0,-0.003474371659505048
ZNF33B,8.977296211477345e-28,9.560820465223373e-25,0.002636656596511456
ZNF34,0.0,0.0,0.0023484962066351346
ZNF341,0.0,0.0,-0.001494036825560499
ZNF343,7.99226879603247e-86,8.51176626777458e-83,0.00035356775621676884
ZNF345,0.0,0.0,0.025830645896736282
ZNF35,0.0,0.0,-0.0070348787935905
ZNF350,0.0,0.0,-0.005518633940701756
ZNF354A,0.0,0.0,-0.003946548509503323
ZNF354B,1.5404240819574343e-25,1.6405516472846676e-22,0.0006823097005978322
ZNF354C,1.817166764546293e-201,1.935282604241802e-198,0.0003916098569607465
ZNF37A,0.07179572581859606,1.0,0.0005443431950810512
ZNF382,0.0,0.0,-0.00271184200692913
ZNF383,0.5587593409435911,1.0,5.3730951704161756e-06
ZNF384,0.0,0.0,-0.009629227380422573
ZNF385D,0.0,0.0,-0.004703235356385699
ZNF394,0.0,0.0,-0.0017514294461638998
ZNF396,0.0,0.0,-0.0025022891432738975
ZNF398,0.0005267882568932619,0.5610294935913239,0.0008720028484406166
ZNF41,0.0,0.0,-0.001868397730068815
ZNF410,1.961058994037521e-20,2.0885278286499597e-17,0.00039125512534708175
ZNF415,3.540563779915818e-39,3.770700425610346e-36,-0.0017512384566762155
ZNF416,0.0,0.0,0.008701621821473327
ZNF417,0.0,0.0,-0.005694070099109105
ZNF418,0.0,0.0,-0.007412390351041444
ZNF419,0.0,0.0,0.002519401494012242
ZNF425,0.0,0.0,-0.004062562634780914
ZNF429,4.2066360495757537e-160,4.4800673927981774e-157,0.0016593687568017268
ZNF430,0.001481175655867471,1.0,-0.0004348400572783129
ZNF431,2.111194740985073e-48,2.2484223991491028e-45,-0.0014640103088191091
ZNF432,2.1041385844837382e-162,2.2409075924751812e-159,-0.0005789325303899792
ZNF433,0.0,0.0,0.0016101266394528595
ZNF436,0.0,0.0,0.0037942864760736215
ZNF439,2.596201053630478e-88,2.764954122116459e-85,-0.002233993402082128
ZNF44,0.0,0.0,-0.007966598614615173
ZNF440,7.654621077495044e-264,8.152171447532223e-261,-0.0013139350899026223
ZNF441,0.0,0.0,-0.006309310174733115
ZNF442,9.198019678341356e-25,9.795890957433544e-22,-0.0022077479806290323
ZNF443,0.0,0.0,-0.0025171780938732305
ZNF444,0.0,0.0,-0.006522943327699104
ZNF445,3.558254115749975e-298,3.7895406332737234e-295,0.0022601034026255226
ZNF449,0.0,0.0,-0.0027872704059962276
ZNF45,0.0,0.0,0.001323303727150782
ZNF454,0.0,0.0,-0.0026836860907369572
ZNF460,0.0,0.0,-0.009618226718818262
ZNF467,2.4575756323115727e-290,2.617318048411825e-287,-0.0007324905030590481
ZNF468,0.0,0.0,-0.007402834482802476
ZNF479,0.0,0.0,0.0009237106532663485
ZNF480,0.0,0.0,0.003487551130543094
ZNF483,0.0,0.0,-0.005048922254825304
ZNF484,4.103024295223685e-88,4.369720874413224e-85,0.0032039722591204085
ZNF485,9.283386817302096e-70,9.886806960426733e-67,0.009437960532088618
ZNF486,0.0,0.0,-0.0026305923043841023
ZNF487,0.0,0.0,-0.014122367683542109
ZNF490,0.0,0.0,-0.006221433759108899
ZNF492,0.0,0.0,-0.00366114010681097
ZNF496,0.0,0.0,0.04612029369488063
ZNF501,0.0,0.0,-0.011526729495966274
ZNF502,0.0,0.0,0.0006353841004581966
ZNF506,0.0,0.0,-0.0054595801203035366
ZNF513,1.2883687895654897e-188,1.3721127608872465e-185,0.0010105794629354306
ZNF519,0.0,0.0,-0.00929634611766263
ZNF524,2.8754080133173277e-218,3.062309534182954e-215,-0.0016478160440755677
ZNF525,1.269536299339988e-308,1.3520561587970875e-305,0.0028086026781729816
ZNF527,0.0,0.0,-0.006393904840218193
ZNF528,3.714171123635794e-98,3.955592246672121e-95,0.012315453412504729
ZNF529,0.0,0.0,-0.00611760684369398
ZNF530,0.0,0.0,0.0023899750215116283
ZNF534,0.0,0.0,-0.0050501832448832575
ZNF540,6.558045369679255e-175,6.984318318708407e-172,0.0001963928206754964
ZNF543,0.0,0.0,-0.005895100124615898
ZNF547,0.0,0.0,-0.0012616518841633041
ZNF548,0.0,0.0,-0.004571005506279447
ZNF549,2.525587581211634e-265,2.68975077399039e-262,0.00511880748651658
ZNF550,1.5972620252852581e-12,1.7010840569288e-09,-0.0007688953272656975
ZNF552,9.285609149434311e-12,9.889173744147542e-09,7.639025832191851e-05
ZNF554,0.0,0.0,0.0020314753404950397
ZNF555,9.820501579819488e-239,1.0458834182507755e-235,-0.012307256648798604
ZNF557,0.0,0.0,0.004867561479920581
ZNF558,7.364594098764662e-167,7.843292715184365e-164,-0.0032858377231634248
ZNF561,0.0,0.0,-0.005036681998928018
ZNF562,3.467355672653354e-226,3.692733791375822e-223,0.000492878973579294
ZNF563,0.0,0.0,0.0006806048545864966
ZNF564,0.0,0.0,0.005926864699839933
ZNF565,3.10166710346517e-17,3.3032754651904064e-14,0.0018047141491113817
ZNF566,0.0,0.0,-0.0065273136784691314
ZNF567,0.0,0.0,-0.010241242561513375
ZNF570,0.0,0.0,-0.00758993485086553
ZNF571,0.0,0.0,-0.010183232484274683
ZNF573,3.948846621762499e-13,4.2055216521770617e-10,-0.0006536536968538048
ZNF574,0.0,0.0,-0.003327957541602415
ZNF580,6.195638192370374e-212,6.598354674874448e-209,-0.004385701504079786
ZNF582,1.6516065321393694e-294,1.7589609567284284e-291,-0.0023149344944323235
ZNF584,0.0,0.0,0.007872247784144346
ZNF585A,0.0,0.0,-0.004937810252847282
ZNF586,0.00015049798124143653,0.1602803500221299,0.0014817996087489616
ZNF587,0.0,0.0,-0.004378139729695259
ZNF594,0.0,0.0,-0.009088947225268457
ZNF595,2.2904031272687055e-267,2.4392793305411713e-264,-0.004055582083816962
ZNF596,3.7816820493370383e-41,4.0274913825439456e-38,-0.0009069821045657768
ZNF597,0.0,0.0,-0.00783328337785999
ZNF605,0.0,0.0,-0.0035057085556599796
ZNF610,0.0,0.0,-0.004164795252267053
ZNF611,0.0,0.0,-0.005147907554697781
ZNF613,0.0,0.0,-0.008479435672845932
ZNF614,4.6179236701433926e-160,4.918088708702713e-157,-0.00394881107468521
ZNF615,0.0,0.0,-0.0025851614735290483
ZNF616,3.1006865164905012e-114,3.302231140062384e-111,-0.005407397709999838
ZNF619,9.16385736765288e-226,9.759508096550316e-223,0.0013787806375410785
ZNF620,0.0,0.0,-0.0036010729015857855
ZNF621,0.0,0.0,0.004624603868862768
ZNF626,0.0,0.0,-0.005683461482069177
ZNF627,7.990186332534603e-15,8.509548444149352e-12,-0.0007066294842857576
ZNF641,0.0,0.0,-0.010463969275431875
ZNF649,0.0,0.0,-0.0025689989679569883
ZNF652,0.0,0.0,-0.0035758617086911887
ZNF653,0.0,0.0,-0.006478097102788636
ZNF655,0.0,0.0,-0.0029879322026011104
ZNF660,0.0,0.0,0.005561722801543392
ZNF662,1.1650110707032822e-101,1.2407367902989956e-98,-0.0005550230527133666
ZNF667,0.0,0.0,-0.0072859439261903705
ZNF669,0.0,0.0,-0.0013692377399136396
ZNF671,3.3996958123273345e-05,0.03620676040128611,0.00027226147095579106
ZNF674,0.0,0.0,-0.003949055496982065
ZNF675,3.3670065422225874e-08,3.585861967467055e-05,-0.0003552948478811567
ZNF677,0.0,0.0,-0.005616947697932249
ZNF680,0.0,0.0,0.001512354139881853
ZNF681,0.0,0.0,-0.0020091225854253873
ZNF682,1.392613838866312e-176,1.4831337383926222e-173,-0.0018682327277069807
ZNF684,0.0,0.0,-0.003345608234146081
ZNF69,2.6798641193246864e-77,2.854055287080791e-74,-0.002003785417277769
ZNF691,3.435968673034987e-95,3.659306636782261e-92,-0.0013825986090226575
ZNF692,0.0,0.0,-0.0066870767046850604
ZNF695,9.29557612556529e-10,9.899788573727033e-07,0.004879902071238826
ZNF7,0.0,0.0,-0.0032123066115983335
ZNF701,0.0,0.0,-0.0035321420720060837
ZNF704,3.608827374460494e-14,3.843401153800426e-11,0.0021835122498979898
ZNF705G,0.0,0.0,-0.008122211501997469
ZNF707,0.0,0.0,0.002131496652537257
ZNF708,5.786929720759695e-243,6.163080152609075e-240,-0.007703949459960828
ZNF71,0.0,0.0,-0.012687201157170203
ZNF713,5.465182526075614e-234,5.820419390270529e-231,-0.007165999364520392
ZNF714,0.0,0.0,-0.0018627340666282962
ZNF716,7.783237211690506e-40,8.289147630450389e-37,0.0028742681773672243
ZNF730,9.503361419768693e-74,1.0121079912053658e-70,-5.4798968958744186e-05
ZNF736,0.0,0.0,-0.007610495120869407
ZNF737,0.0,0.0,-0.01704465675075629
ZNF74,4.967038065740722e-12,5.289895540013869e-09,-0.0010910324745072933
ZNF740,0.0,0.0,-0.010723552261250331
ZNF749,0.0,0.0,-0.005378876584807936
ZNF75A,6.540428402944565e-05,0.06965556249135961,-0.0014582879251285527
ZNF75D,1.0029530602615298e-259,1.0681450091785292e-256,-0.0012397834166981495
ZNF76,0.7076760621002307,1.0,0.0012917259165208667
ZNF764,8.612467324314337e-193,9.172277700394768e-190,0.00013192825681807366
ZNF765,8.986989814163215e-230,9.571144152083823e-227,0.001963610338779405
ZNF766,0.0,0.0,-0.0079566849071466
ZNF768,4.085455371689335e-33,4.351009970849142e-30,-0.0018440598900703598
ZNF77,0.0,0.0,0.0003174501576036939
ZNF770,0.0,0.0,-0.0022771360742605377
ZNF771,2.14060238249745e-57,2.2797415373597845e-54,0.0002986923461019281
ZNF774,2.8882646443533645e-91,3.0760018462363334e-88,0.0019231665347512264
ZNF776,0.0,0.0,-0.005815822636615311
ZNF777,0.0,0.0,-0.005658385947778857
ZNF778,0.0,0.0,-0.0034627699357752326
ZNF780A,1.516612046508708e-80,1.615191829531774e-77,-0.0034404547061387637
ZNF782,0.0,0.0,-0.007717499751123225
ZNF783,0.0,0.0,-0.002295182152259455
ZNF784,6.894923289982876e-224,7.343093303831763e-221,-0.007209871849812262
ZNF785,0.0,0.0,-0.009268048955380123
ZNF786,0.0,0.0,0.0017761344186851599
ZNF787,2.2198703488370542e-26,2.3641619215114628e-23,-0.002639451068752085
ZNF789,4.017135702121305e-27,4.27824952275919e-24,-0.0010568907160891493
ZNF79,0.0,0.0,-0.003550111876781458
ZNF790,2.6612435512984316e-240,2.8342243821328297e-237,-0.0052809830862122625
ZNF791,0.0,0.0,-0.012340491979024286
ZNF792,0.0,0.0,-0.010242152623625742
ZNF793,0.0,0.0,-0.003508498975724507
ZNF799,0.0,0.0,0.006897067524572517
ZNF8,2.8433606924199074e-276,3.0281791374272013e-273,-0.005410635051455329
ZNF805,0.0,0.0,-0.005485102815052649
ZNF808,1.6854096698975095e-225,1.7949612984408475e-222,-0.0015375896272750997
ZNF81,0.0,0.0,-0.004483277395211453
ZNF816,0.0,0.0,0.00262302596945409
ZNF821,1.0645754984773769e-258,1.1337729058784063e-255,0.004950016894756222
ZNF823,1.4014062428917014e-265,1.492497648679662e-262,-0.0008216666976280452
ZNF84,1.6170581135950814e-107,1.7221668909787616e-104,-0.00015069474800236127
ZNF846,1.3806655544968104e-287,1.4704088155391033e-284,0.0017003707745378294
ZNF85,0.0,0.0,0.007103180130267093
ZNF860,2.369433075370711e-143,2.523446225269807e-140,0.0006869128002883074
ZNF879,0.0,0.0,-0.01312132723859874
ZNF880,2.798608204470369e-05,0.02980517737760943,0.00054121218010518
ZNF891,2.998435579914624e-213,3.193333892609075e-210,-0.0022324130812964513
ZNF90,0.0,0.0,0.013254142534567227
ZNF93,0.0,0.0,-0.009505770256932406
ZNF98,0.0,0.0,-0.0030960867856552297
ZSCAN1,6.629789130795055e-272,7.060725424296734e-269,-0.0045615303738082424
ZSCAN16,0.0,0.0,-0.0068080577804007295
ZSCAN22,0.0,0.0,-0.0063912518067840915
ZSCAN23,0.0,0.0,0.002548975918514269
ZSCAN26,2.194166419442956e-137,2.336787236706748e-134,-0.0004462396013795028
ZSCAN29,0.0,0.0,-0.004596079211498107
ZSCAN30,0.0,0.0,0.0011025575129251543
ZSCAN31,0.0,0.0,-0.002495807979506791
ZSCAN4,2.3902861182153314e-130,2.545654715899328e-127,-0.003395977377723531
ZSCAN5,0.0,0.0,-0.0031928469811842953
ZSCAN5C,6.167112232177803e-299,6.56797452726936e-296,0.0006983688324355055
ZSCAN9,1.0054845822728867e-225,1.0708410801206244e-222,-0.010050310757548253
ZZZ3,0.0,0.0,0.0024584640075926943
