Ratio,Testset,Metric,Value
0,test_b_cells,auROC,0.7944
0,test_b_cells,auPRC,0.5719
0,test_b_cells,per cell auROC,0.7753
0,test_b_cells,per cell auPRC,0.5379
0,test_b_cells,per peak auROC,0.631
0,test_b_cells,per peak auPRC,0.4531
0,test_other_cells,auROC,0.8251
0,test_other_cells,auPRC,0.5724
0,test_other_cells,per cell auROC,0.8004
0,test_other_cells,per cell auPRC,0.5147
0,test_other_cells,per peak auROC,0.7179
0,test_other_cells,per peak auPRC,0.3668
0,test_cells,auROC,0.8225
0,test_cells,auPRC,0.5712
0,test_cells,per cell auROC,0.7983
0,test_cells,per cell auPRC,0.5167
0,test_cells,per peak auROC,0.7148
0,test_cells,per peak auPRC,0.3635
0,test_cells,ls(10),0.855
0,test_cells,ls(50),0.621
0,test_cells,ls(100),0.3761
0,test_cells,ns(10),0.3244
0,test_cells,ns(50),0.6757
0,test_cells,ns(100),0.7996
0,B_marker_peaks,overlap,0.110494169905608
0,raw_test_cells,ls(10),0.6683
0,raw_test_cells,ls(50),0.4751
0,raw_test_cells,ls(100),0.3003
0,raw_test_cells,ns(10),0.231
0,raw_test_cells,ns(50),0.5669
0,raw_test_cells,ns(100),0.7185
0,test_b_cells,ls(10),0.6043
0,test_b_cells,ls(20),0.4826
0,test_b_cells,ls(30),0.3855
0,test_b_cells,ns(10),0.387
0,test_b_cells,ns(20),0.4717
0,test_b_cells,ns(30),0.4449
0,test_b_cells,ls(50),0.2652
0,test_b_cells,ls(100),0.1522
0,test_b_cells,ns(50),0.44
0,test_b_cells,ns(100),0.5639
0,raw_test_b_cells,ls(10),0.9435
0,raw_test_b_cells,ls(20),0.8326
0,raw_test_b_cells,ls(30),0.5681
0,raw_test_b_cells,ns(10),0.487
0,raw_test_b_cells,ns(20),0.7696
0,raw_test_b_cells,ns(30),0.6058
0,raw_test_b_cells,ls(50),0.3461
0,raw_test_b_cells,ls(100),0.1774
0,raw_test_b_cells,ns(50),0.507
0,raw_test_b_cells,ns(100),0.6448
0,test_other_cells,ls(10),0.8782
0,test_other_cells,ls(20),0.8486
0,test_other_cells,ls(30),0.7976
0,test_other_cells,ns(10),0.3185
0,test_other_cells,ns(20),0.4905
0,test_other_cells,ns(30),0.5948
0,test_other_cells,ls(50),0.654
0,test_other_cells,ls(100),0.3968
0,test_other_cells,ns(50),0.6976
0,test_other_cells,ns(100),0.8214
0,raw_test_other_cells,ls(10),0.6427
0,raw_test_other_cells,ls(20),0.6034
0,raw_test_other_cells,ls(30),0.5632
0,raw_test_other_cells,ns(10),0.2073
0,raw_test_other_cells,ns(20),0.3218
0,raw_test_other_cells,ns(30),0.4204
0,raw_test_other_cells,ls(50),0.487
0,raw_test_other_cells,ls(100),0.3117
0,raw_test_other_cells,ns(50),0.5724
0,raw_test_other_cells,ns(100),0.7254
0.01,test_b_cells,auROC,0.8132
0.01,test_b_cells,auPRC,0.6011
0.01,test_b_cells,per cell auROC,0.7936
0.01,test_b_cells,per cell auPRC,0.5526
0.01,test_b_cells,per peak auROC,0.6501
0.01,test_b_cells,per peak auPRC,0.4727
0.01,test_other_cells,auROC,0.826
0.01,test_other_cells,auPRC,0.5744
0.01,test_other_cells,per cell auROC,0.8006
0.01,test_other_cells,per cell auPRC,0.515
0.01,test_other_cells,per peak auROC,0.7195
0.01,test_other_cells,per peak auPRC,0.3701
0.01,test_cells,auROC,0.825
0.01,test_cells,auPRC,0.5771
0.01,test_cells,per cell auROC,0.8
0.01,test_cells,per cell auPRC,0.5182
0.01,test_cells,per peak auROC,0.7195
0.01,test_cells,per peak auPRC,0.3714
0.01,test_cells,ls(10),0.8649
0.01,test_cells,ls(50),0.6275
0.01,test_cells,ls(100),0.379
0.01,test_cells,ns(10),0.3487
0.01,test_cells,ns(50),0.6889
0.01,test_cells,ns(100),0.8181
0.01,B_marker_peaks,overlap,0.4094432699083862
0.01,test_b_cells,ls(10),0.7696
0.01,test_b_cells,ls(20),0.6152
0.01,test_b_cells,ls(30),0.4957
0.01,test_b_cells,ns(10),0.5217
0.01,test_b_cells,ns(20),0.6174
0.01,test_b_cells,ns(30),0.5739
0.01,test_b_cells,ls(50),0.3165
0.01,test_b_cells,ls(100),0.1735
0.01,test_b_cells,ns(50),0.4896
0.01,test_b_cells,ns(100),0.553
0.01,test_other_cells,ls(10),0.8738
0.01,test_other_cells,ls(20),0.8516
0.01,test_other_cells,ls(30),0.8012
0.01,test_other_cells,ns(10),0.3327
0.01,test_other_cells,ns(20),0.4992
0.01,test_other_cells,ns(30),0.6003
0.01,test_other_cells,ls(50),0.6564
0.01,test_other_cells,ls(100),0.3981
0.01,test_other_cells,ns(50),0.7073
0.01,test_other_cells,ns(100),0.8427
0.037,test_b_cells,auROC,0.8287
0.037,test_b_cells,auPRC,0.6168
0.037,test_b_cells,per cell auROC,0.8091
0.037,test_b_cells,per cell auPRC,0.5671
0.037,test_b_cells,per peak auROC,0.6628
0.037,test_b_cells,per peak auPRC,0.4837
0.037,test_other_cells,auROC,0.8255
0.037,test_other_cells,auPRC,0.5704
0.037,test_other_cells,per cell auROC,0.8004
0.037,test_other_cells,per cell auPRC,0.5143
0.037,test_other_cells,per peak auROC,0.7184
0.037,test_other_cells,per peak auPRC,0.3674
0.037,test_cells,auROC,0.8259
0.037,test_cells,auPRC,0.575
0.037,test_cells,per cell auROC,0.8011
0.037,test_cells,per cell auPRC,0.5188
0.037,test_cells,per peak auROC,0.7207
0.037,test_cells,per peak auPRC,0.3718
0.037,test_cells,ls(10),0.8745
0.037,test_cells,ls(50),0.6252
0.037,test_cells,ls(100),0.3783
0.037,test_cells,ns(10),0.3483
0.037,test_cells,ns(50),0.6885
0.037,test_cells,ns(100),0.8252
0.037,B_marker_peaks,overlap,0.5822784810126582
0.037,test_b_cells,ls(10),0.9696
0.037,test_b_cells,ls(20),0.9348
0.037,test_b_cells,ls(30),0.6855
0.037,test_b_cells,ns(10),0.5522
0.037,test_b_cells,ns(20),0.8543
0.037,test_b_cells,ns(30),0.7261
0.037,test_b_cells,ls(50),0.4148
0.037,test_b_cells,ls(100),0.2113
0.037,test_b_cells,ns(50),0.54
0.037,test_b_cells,ns(100),0.6313
0.037,test_other_cells,ls(10),0.8657
0.037,test_other_cells,ls(20),0.8379
0.037,test_other_cells,ls(30),0.7883
0.037,test_other_cells,ns(10),0.3294
0.037,test_other_cells,ns(20),0.5028
0.037,test_other_cells,ns(30),0.5884
0.037,test_other_cells,ls(50),0.6447
0.037,test_other_cells,ls(100),0.3938
0.037,test_other_cells,ns(50),0.7023
0.037,test_other_cells,ns(100),0.8432
0.073,test_b_cells,auROC,0.832
0.073,test_b_cells,auPRC,0.6243
0.073,test_b_cells,per cell auROC,0.8122
0.073,test_b_cells,per cell auPRC,0.5707
0.073,test_b_cells,per peak auROC,0.6681
0.073,test_b_cells,per peak auPRC,0.4899
0.073,test_other_cells,auROC,0.8254
0.073,test_other_cells,auPRC,0.5735
0.073,test_other_cells,per cell auROC,0.8001
0.073,test_other_cells,per cell auPRC,0.5142
0.073,test_other_cells,per peak auROC,0.7188
0.073,test_other_cells,per peak auPRC,0.3694
0.073,test_cells,auROC,0.8262
0.073,test_cells,auPRC,0.5786
0.073,test_cells,per cell auROC,0.8011
0.073,test_cells,per cell auPRC,0.519
0.073,test_cells,per peak auROC,0.7217
0.073,test_cells,per peak auPRC,0.375
0.073,test_cells,ls(10),0.876
0.073,test_cells,ls(50),0.6208
0.073,test_cells,ls(100),0.3815
0.073,test_cells,ns(10),0.3683
0.073,test_cells,ns(50),0.6839
0.073,test_cells,ns(100),0.8336
0.073,B_marker_peaks,overlap,0.6963528413910093
0.073,test_b_cells,ls(10),0.9652
0.073,test_b_cells,ls(20),0.963
0.073,test_b_cells,ls(30),0.7058
0.073,test_b_cells,ns(10),0.5522
0.073,test_b_cells,ns(20),0.9174
0.073,test_b_cells,ns(30),0.7507
0.073,test_b_cells,ls(50),0.4243
0.073,test_b_cells,ls(100),0.217
0.073,test_b_cells,ns(50),0.5574
0.073,test_b_cells,ns(100),0.6043
0.073,test_other_cells,ls(10),0.8677
0.073,test_other_cells,ls(20),0.8385
0.073,test_other_cells,ls(30),0.7864
0.073,test_other_cells,ns(10),0.3512
0.073,test_other_cells,ns(20),0.5119
0.073,test_other_cells,ns(30),0.5944
0.073,test_other_cells,ls(50),0.639
0.073,test_other_cells,ls(100),0.3968
0.073,test_other_cells,ns(50),0.6956
0.073,test_other_cells,ns(100),0.8548
