celltype,tf,pval,pval_adj,mean_difference
cMono,ALX1,6.411294985155933e-38,8.709220866315138e-38,-0.00013232990667054554
cMono,ALX3,0.3080985304991247,0.3148991698479538,0.0003990899540482096
cMono,ALX4,0.16538473702800516,0.1708387438747095,0.00041339438848561616
cMono,ANHX,5.501031698526407e-76,9.929828404967159e-76,-0.00043518702343813866
cMono,AR,1.1144553122121622e-96,2.6316960255120906e-96,-0.0011932140905504672
cMono,ARGFX,1.5125487482935412e-29,1.9501990519765393e-29,-0.0004942630506403027
cMono,ARID3A,1.12086510273108e-115,3.7420731486163014e-115,-0.0004961046246223537
cMono,ARID3B,1.499048752195099e-07,1.663007209466438e-07,3.9852914484137664e-05
cMono,ARID5A,1.0891546057945876e-161,9.205949644216157e-161,0.0012965565989538595
cMono,ARID5B,5.694077098595162e-93,1.2660108789152083e-92,-0.0002945420949921544
cMono,ARNT,2.845953916304746e-101,7.268443455310682e-101,-0.0009817777783196896
cMono,ARNT2,3.436412320171224e-55,5.213360571199934e-55,0.00021790841070992717
cMono,ARNTL,2.162815817633116e-38,2.941760978006728e-38,2.511498134889767e-05
cMono,ARX,1.5324630353117647e-08,1.7197820153920228e-08,-6.500548873886874e-05
cMono,ASCL1,1.304416020765057e-175,1.4321681052729752e-174,-0.0017723231263793299
cMono,ASCL2,7.29646465945751e-89,1.5448777062270872e-88,-0.0014232856834661134
cMono,ATF1,6.922669711156991e-52,1.0183208898317949e-51,-3.0675435617919314e-05
cMono,ATF2,6.004149508282954e-63,9.703215821428446e-63,0.0002753583165844842
cMono,ATF3,3.2096556985025547e-29,4.1283614962623444e-29,-0.00011887521331577222
cMono,ATF4,1.360388498331373e-195,2.299704366226845e-194,-0.0030793771474299514
cMono,ATF6,1.0421603721591742e-07,1.1634180255236063e-07,-0.00025091261424103894
cMono,ATF6B,0.7011444784978244,0.7084619256168718,-0.0004939941168057849
cMono,ATF7,5.235750555492788e-37,7.076236474111446e-37,-6.092280639408143e-05
cMono,ATOH1,1.1648099172885188e-119,4.205161226821263e-119,-0.0008877076451064558
cMono,ATOH7,1.7457435747195274e-38,2.3781298803413464e-38,0.00022528724834070934
cMono,BACH1,1.5638469750670788e-18,1.8969214446998165e-18,-6.68415199161082e-05
cMono,BACH2,1.127505913239519e-177,1.3052106495653127e-176,0.016381555633550593
cMono,BARHL1,4.657340591072448e-61,7.40308616342113e-61,-0.0004882924595742931
cMono,BARHL2,4.0445216801980245e-110,1.2236976106280956e-109,-0.0007798418324443442
cMono,BARX1,1.586465775885334e-153,1.2155295333222163e-152,0.0007220182590680678
cMono,BARX2,2.3949283674167937e-42,3.334115962482203e-42,0.00035716744914490034
cMono,BATF,3.630154374178128e-203,7.029298924544919e-202,0.004731229997114547
cMono,BATF3,4.0412984688411464e-234,1.388381570747039e-232,-0.0032964806026784532
cMono,BBX,2.3364105227878027e-78,4.30497786638237e-78,-0.0012553800812542537
cMono,BCL11A,3.5620691446651756e-35,4.7598540013405423e-35,-0.007656260958718741
cMono,BCL11B,1.4210583494589763e-84,2.844787861228966e-84,0.0007449048124146193
cMono,BCL6,5.531652507712292e-05,5.980923777374204e-05,5.480859834128965e-05
cMono,BCL6B,2.701027698052958e-64,4.432348996034515e-64,0.0014301944168736633
cMono,BHLHA15,3.58010162280454e-124,1.4174008283594182e-123,-0.0010779418747717193
cMono,BHLHE22,4.058472662884819e-74,7.239988921226686e-74,0.0003057786588038084
cMono,BHLHE23,1.61800988401042e-64,2.6592292075171255e-64,-0.00011114364122143984
cMono,BHLHE40,7.00720097281209e-63,1.1307074297037692e-62,-0.0006114259824775564
cMono,BHLHE41,5.831998656947146e-23,7.205427574998505e-23,-0.00018888446894049782
cMono,BORCS8-MEF2B,1.428852829845282e-28,1.8202491193603172e-28,-0.0005787156013303987
cMono,BSX,3.796451657846461e-107,1.0868873697866884e-106,-0.0007791630221920046
cMono,CDC5L,2.4500404922350852e-80,4.642870327812039e-80,-0.000837496372008592
cMono,CDX1,2.215522604289069e-213,5.243403496817463e-212,0.0007920364032769833
cMono,CDX2,4.060373674216732e-58,6.2853168067453774e-58,-0.0001981175792882331
cMono,CDX4,7.251283637219115e-28,9.19359175433138e-28,0.0003743226309529373
cMono,CEBPA,3.2970925896955582e-143,1.983843846342243e-142,0.024465469066961898
cMono,CEBPB,2.5793784437220913e-144,1.5971151410255973e-143,0.02556007098629892
cMono,CEBPD,7.19048573910053e-138,3.867609753607103e-137,0.023272032288309763
cMono,CEBPE,7.076685692617572e-138,3.825720945501378e-137,0.010249569900680322
cMono,CEBPG,1.7113743563548383e-140,9.746597270149214e-140,0.01775669279132497
cMono,CENPB,1.4874978618535575e-97,3.551984804650311e-97,-0.001357922606643698
cMono,CENPBD1,8.149616188874392e-105,2.2254721131156994e-104,-0.00030169980760182125
cMono,CIC,9.582260009384243e-212,2.0826748795906566e-210,0.0011687750647288407
cMono,CLOCK,2.1767702930494612e-28,2.7631231967791134e-28,-1.1333381771082285e-05
cMono,CPEB1,4.431818091574375e-143,2.6516214986105108e-142,-0.0014194623418512103
cMono,CREB1,2.2321409852467987e-30,2.892007480885451e-30,-0.001031326552693279
cMono,CREB3,5.0831524935913535e-39,6.994260214050119e-39,-0.001225212530705705
cMono,CREB3L1,1.3634558782826328e-66,2.2831454565581823e-66,-0.0007712689614650103
cMono,CREB3L2,2.556980001791843e-20,3.119339864728881e-20,-0.00032164490988905586
cMono,CREB3L4,2.8356583639241893e-12,3.3005203907970074e-12,-0.0011017418137393986
cMono,CREB5,4.6737770259886955e-120,1.7046481276294386e-119,0.0009390747444912584
cMono,CREBL2,5.715428935566336e-103,1.5179381088224807e-102,0.003300527829742772
cMono,CREBZF,6.882840922904647e-79,1.2770427844762108e-78,-0.0010209357136519645
cMono,CREM,2.771821850443104e-22,3.4127055152854403e-22,1.4479036013287372e-05
cMono,CRX,1.3306951636747593e-38,1.8215814258529805e-38,-0.000264478499638612
cMono,CTCF,2.0032000690215495e-09,2.2695830569233513e-09,-0.0003304963688900153
cMono,CTCFL,4.270914028520641e-10,4.869939443655763e-10,-0.000340895385056994
cMono,CUX1,2.0702105599048555e-80,3.9370968683904836e-80,-0.0002835301838790497
cMono,CUX2,1.114707812483174e-97,2.667783865830518e-97,-0.0006992699778264558
cMono,CXXC1,4.416138131626434e-81,8.47421100933721e-81,-0.000520901405503052
cMono,CXXC5,3.9781403144511853e-112,1.24243971697669e-111,-0.0005911538402908895
cMono,DBP,4.162333662781529e-121,1.549959912888926e-120,0.013286919936756736
cMono,DBX1,0.07445162454213755,0.0775082894793514,0.0002988627323578033
cMono,DBX2,8.702337030872178e-99,2.1111592113619294e-98,-0.00028411935361861637
cMono,DLX1,0.0028967453805807957,0.0030850338303185475,0.00013448299184075433
cMono,DLX2,0.0048206352179479975,0.005108434335437431,0.00012459968188599773
cMono,DLX3,7.090694556055626e-05,7.658813085394769e-05,0.0003437940208378277
cMono,DLX4,5.723672567201062e-106,1.5957359382379924e-105,0.0009320036263018115
cMono,DLX5,5.223166762391156e-66,8.691675940541533e-66,0.0006241438572492574
cMono,DLX6,0.13854343829610852,0.14339043905282367,0.00023083613603335894
cMono,DMBX1,3.232911166068124e-128,1.3939475270698592e-127,0.00030642484620927064
cMono,DMRT1,1.6636753393493453e-132,7.637130329340745e-132,-0.0005275881726540428
cMono,DMRT2,0.5716875670175297,0.5798545322606372,0.0001619565248355461
cMono,DMRT3,5.121180670232824e-81,9.809455780212153e-81,-0.0005955960759561497
cMono,DMRTA1,5.412847713867628e-209,1.1529365630538047e-207,0.0006060557046048848
cMono,DMRTA2,1.0894369293210089e-123,4.250001207790749e-123,-0.0009798206695616225
cMono,DMRTC2,5.034425926612516e-88,1.0513065905573195e-87,-0.0006517847387219654
cMono,DNMT1,1.228042822387999e-100,3.0845886930264594e-100,-0.0005717809854776726
cMono,DPF1,4.6416563218601605e-97,1.1009719338042474e-96,-0.0012375802743306574
cMono,DPRX,9.610074901995124e-09,1.0818953245903601e-08,0.00025823216774049527
cMono,DRGX,1.0645527603088178e-07,1.1871714028574775e-07,0.000557009742617414
cMono,DUX4,6.675612404999897e-11,7.694293518749882e-11,1.121134615117425e-06
cMono,DUXA,3.1537127522787587e-118,1.1084831951078805e-117,-0.00047186795709366295
cMono,E2F1,5.197820433445491e-136,2.6742409476422453e-135,-0.001750918181179055
cMono,E2F2,1.728016004511954e-112,5.477193585729853e-112,-0.0008335652860976053
cMono,E2F3,2.473686544522837e-94,5.641276595110966e-94,-0.0007674546449452785
cMono,E2F4,6.686360277921386e-162,5.789409508931932e-161,-0.0009587458881576624
cMono,E2F5,7.53359944226488e-151,5.384753963766509e-150,-0.0009342850510017583
cMono,E2F6,6.16595736010274e-84,1.2183199607624153e-83,-0.000635122925937287
cMono,E2F7,1.6742144080532718e-153,1.2735988175548102e-152,-0.0006506379856114613
cMono,E2F8,1.3946077218161812e-144,8.736807198436664e-144,-0.0011690321178809346
cMono,EBF1,3.611403497285628e-18,4.365658030203398e-18,0.0014516835247103807
cMono,EBF2,1.3973865160130895e-38,1.9104193062309887e-38,0.0017524368855002075
cMono,EGR1,1.0950915051681784e-119,3.966913105456156e-119,-0.002365069165009885
cMono,EGR2,1.1806493571187735e-106,3.3352561414628485e-106,-0.0016482969814793644
cMono,EGR3,4.090123390614678e-105,1.125576591990861e-104,-0.0015293799990420496
cMono,EGR4,1.0355159552990032e-124,4.161601858088447e-124,-0.002203873757206362
cMono,EHF,1.0139149682530266e-170,1.018697586027805e-169,-0.0036251909100245144
cMono,ELF1,3.4224452862912e-153,2.5668339647184e-152,-0.005280330269397865
cMono,ELF2,4.741425929609573e-238,1.8702291166793316e-236,-0.0050180581928192525
cMono,ELF3,4.4186197334789835e-243,2.046013050502225e-241,-0.00492032884975499
cMono,ELF4,2.0323085813322438e-195,3.381888498623187e-194,-0.005125532354811807
cMono,ELF5,7.640980483605998e-200,1.3340400352525225e-198,-0.003843235993870875
cMono,ELK1,1.60083229124336e-114,5.2297128532950254e-114,-0.006572985478027288
cMono,ELK3,3.4858278794940846e-134,1.6874575871187271e-133,-0.0060118010604393035
cMono,ELK4,8.933573296399712e-117,3.0691146969889333e-116,-0.0052275778083269026
cMono,EMX1,6.551294814915622e-14,7.718063028634002e-14,0.0006520586664778266
cMono,EMX2,0.2893568274770536,0.296312520445252,0.00038154657468008647
cMono,EN1,7.43436996841266e-23,9.174512185816318e-23,0.000626921122638905
cMono,EN2,0.11788976116819637,0.12213287514020343,0.0005781810046663061
cMono,EOMES,1.938043287592248e-46,2.7337961606433694e-46,-0.0014430388050478693
cMono,ERF,6.153474603920875e-115,2.028932028846976e-114,-0.005248161298553766
cMono,ERG,1.7125030846944513e-112,5.44422622447639e-112,-0.0007437296131551502
cMono,ESR1,1.5543638034612681e-139,8.667002359613877e-139,0.0017794174901826429
cMono,ESR2,1.5585231206984281e-164,1.418655661148569e-163,0.0024305411762629743
cMono,ESRRA,8.715638371806381e-199,1.4971217525764186e-197,0.002219330528318816
cMono,ESRRB,1.763416698622113e-151,1.2863279342688702e-150,0.001910000083207554
cMono,ESRRG,3.153184637975349e-135,1.5765923189876745e-134,0.0038358201340726594
cMono,ESX1,9.36740557733878e-08,1.046829689387807e-07,-1.868884503478628e-05
cMono,ETS1,1.16053143816944e-66,1.946403120709376e-66,-0.0011088052917970215
cMono,ETS2,2.4613607262085195e-111,7.576153680381715e-111,-0.009957768643589868
cMono,ETV1,1.7075122634860676e-127,7.159451026034103e-127,-0.0033759026407448114
cMono,ETV2,7.876392768132923e-126,3.226291653100601e-125,-0.005136603874758318
cMono,ETV3,6.61521068714657e-114,2.1413979883924306e-113,-0.0044216029604996
cMono,ETV3L,1.5102843639407605e-202,2.8218471010472107e-201,-0.0013819542559885822
cMono,ETV4,8.109736816323705e-125,3.2839808780930593e-124,-0.0038790563175746945
cMono,ETV5,2.7329686940211215e-135,1.372930027892686e-134,-0.0038126117828531716
cMono,ETV6,2.0368701118190774e-97,4.852945568428003e-97,-0.0061691783174966375
cMono,ETV7,7.676743362234681e-149,5.240853641525599e-148,-0.0034106732527646455
cMono,EVX1,1.0026643227553568e-94,2.3013739304621874e-94,0.0009515068680251079
cMono,EVX2,1.6711764535553946e-43,2.344931387399862e-43,0.0007031811260664357
cMono,FBXL19,8.729617250316215e-86,1.781042599920837e-85,-0.0005183789433964841
cMono,FERD3L,3.6168641936340465e-15,4.2942701964551386e-15,0.0002667405483481357
cMono,FEV,2.01143442400934e-117,6.977777399250641e-117,-0.006099819041029027
cMono,FEZF1,1.7206084600724237e-100,4.291447330157216e-100,-0.00037781868054589593
cMono,FIGLA,8.106224072460837e-50,1.1745753247851418e-49,-0.003178111593626215
cMono,FLI1,5.16442654466924e-56,7.879819871164385e-56,0.0025625501445976917
cMono,FOS,5.940392931948197e-186,8.008251231044089e-185,0.01850889684456619
cMono,FOSB,8.363997402838771e-15,9.875451478961521e-15,-0.0009078163802204164
cMono,FOSL1,7.658932836465091e-190,1.1328838153937948e-188,0.019677549788124304
cMono,FOSL2,8.56146547857301e-188,1.1841507447636695e-186,0.01866418283860022
cMono,FOXA1,2.3503028181007236e-91,5.087545734303396e-91,-0.001131297145674004
cMono,FOXA2,1.0912068698849685e-48,1.568333760360987e-48,-0.00020142711180527652
cMono,FOXA3,2.9378080341086926e-108,8.595509770125707e-108,-0.001137998388754326
cMono,FOXB1,0.9237228585008465,0.9254608130793993,0.00038666254251178145
cMono,FOXB2,1.5430195565288522e-118,5.496039557535879e-118,-0.0006187960191502222
cMono,FOXC1,1.833399010281816e-73,3.238092779353456e-73,-0.00021993155558976824
cMono,FOXC2,2.3313180550682455e-66,3.891620264338058e-66,-0.00020937701171942888
cMono,FOXD1,1.6557255331094863e-88,3.491777609428916e-88,-0.0014347935591398422
cMono,FOXD2,1.4357316342293539e-69,2.4702006307823294e-69,-0.00024145719473692845
cMono,FOXD3,1.4587951983081408e-37,1.9766118145014886e-37,-0.0004558867094908402
cMono,FOXE1,3.2509774256638384e-106,9.111291995610494e-106,-0.0014404364961905069
cMono,FOXF2,5.15047546199621e-79,9.589609033262174e-79,-0.0019647313882588356
cMono,FOXG1,3.333544410979789e-92,7.335175201846024e-92,-0.0016566739657313118
cMono,FOXH1,1.7707566225776407e-289,1.4506583100347594e-287,0.0009342569302115498
cMono,FOXI1,4.7901816733111176e-92,1.0518646354796577e-91,-0.00115578232838107
cMono,FOXJ1,4.5218827867763034e-105,1.2411868989476194e-104,-0.0015215236101695333
cMono,FOXJ2,4.1564644308290277e-101,1.0564760426808865e-100,-0.0025314582888352963
cMono,FOXJ3,2.1558631443757565e-66,3.604386575761665e-66,-0.0010894170414081205
cMono,FOXK1,1.4621551663770488e-88,3.0896731194276923e-88,-0.0015917275943888275
cMono,FOXK2,2.147940326041081e-133,1.0212305568007819e-132,-0.00212985776896768
cMono,FOXL1,5.308283267697627e-93,1.1827032803552244e-92,-0.000773612205591738
cMono,FOXL2,9.665312927214376e-112,3.001037395767729e-111,-0.000966199594385847
cMono,FOXM1,3.772721798228099e-144,2.3225137081577604e-143,-0.000502715714333142
cMono,FOXN1,4.1446609244512245e-102,1.071374729257416e-101,-0.0003503267313404168
cMono,FOXN2,1.3305210818640913e-118,4.771060445068206e-118,-0.0009472744942675346
cMono,FOXN3,5.630979102430635e-100,1.3881927648353302e-99,-0.0018737882865430995
cMono,FOXN4,1.1067828396210978e-67,1.8709900384070938e-67,-0.0004613515847121559
cMono,FOXO1,5.2582827748560626e-98,1.2641244142712655e-97,-0.001192471238647002
cMono,FOXO3,9.792200991034964e-35,1.3019593077967837e-34,-0.0005686605981811768
cMono,FOXO4,7.286499861699659e-87,1.5068198743126478e-86,-0.0009117341423011197
cMono,FOXO6,2.7002498988824987e-80,5.107932757211121e-80,-0.0017058801095747554
cMono,FOXP1,3.8838868450338075e-116,1.3131236476066682e-115,-0.0022050886186754035
cMono,FOXP2,1.3720936611390751e-123,5.3331377704858204e-123,-0.0018153352864969594
cMono,FOXP3,5.449417246004707e-280,4.145449547853581e-278,0.0007879581488608178
cMono,FOXQ1,1.2563600723492723e-145,8.012116629053742e-145,-0.0014649577202274612
cMono,FOXR1,8.32896990639148e-93,1.8441482225170327e-92,-0.00040366484128730087
cMono,FOXR2,4.5736962615572123e-113,1.458379197173183e-112,-0.0017357709207599104
cMono,FOXS1,7.183068052803931e-128,3.0599869904944748e-127,-0.0011762538888584334
cMono,GABPA,4.89611458892806e-123,1.8892616076841972e-122,-0.0058491124469166045
cMono,GATA1,3.2963473599221754e-68,5.599058912786471e-68,-0.0009274360690851198
cMono,GATA2,1.1319819843941759e-73,2.0059248142758692e-73,-0.0010985967476195152
cMono,GATA3,4.570646793193713e-77,8.33516923758785e-77,-0.0014163379521705752
cMono,GATA4,1.6131818319277392e-84,3.2173008445749853e-84,-0.0011340719413526802
cMono,GATA5,7.841373508375554e-95,1.8036852670453487e-94,-0.0012143559783040804
cMono,GATA6,1.2040518939891327e-109,3.6121556819673984e-109,-0.0023613082232803867
cMono,GBX1,0.03359177960571015,0.03517723233046344,0.00043956799296937174
cMono,GBX2,4.2897677191507513e-05,4.647612025326094e-05,0.0005849029931825414
cMono,GCM1,9.614721637569698e-38,1.3044176489186916e-37,-0.00027665978768283113
cMono,GCM2,2.0032862552662595e-109,5.976190089239682e-109,-0.001672840634136398
cMono,GFI1,1.7883783266721484e-26,2.2433721058961578e-26,2.5793020257316307e-06
cMono,GFI1B,3.8232542627624104e-18,4.616514500954611e-18,0.00013496687202599854
cMono,GLI1,6.225639734228298e-128,2.6627736212663203e-127,0.0007690066795970774
cMono,GLI2,1.956136832187336e-18,2.3700633973600826e-18,-0.00012508907390441568
cMono,GLI3,1.4023923240546988e-21,1.718697152034815e-21,-0.0001995545162096421
cMono,GLI4,0.011600161920713703,0.012256123457896919,0.00023874888373973113
cMono,GLIS1,1.6061194820084114e-17,1.932787851230461e-17,9.818942734547698e-05
cMono,GLIS2,3.068214770646779e-94,6.98215540756158e-94,-0.0018730966829523035
cMono,GLIS3,2.5408511339229895e-88,5.3372908434477e-88,-0.0016347457059867204
cMono,GMEB1,7.10994686515984e-116,2.3811614501242864e-115,-0.0006920538328140588
cMono,GMEB2,5.569293211879071e-82,1.0803820165120603e-81,-0.003628762094345289
cMono,GRHL1,1.381424306559878e-93,3.0972987083921476e-93,-0.0008938351901335794
cMono,GRHL2,0.00037416586526279824,0.00040210559687677103,1.3992149960518827e-05
cMono,GSC,9.008830590160732e-160,7.495628576969671e-159,0.0004165215120999696
cMono,GSC2,2.6027366893950042e-145,1.6401861385832424e-144,0.0007067481700472542
cMono,GSX1,0.0005521917124703562,0.0005916339776468102,7.280467997418383e-05
cMono,GSX2,0.33958145290630604,0.3464121143153409,0.0003427464422673318
cMono,GTF3A,1.899211306808917e-174,2.002633704704452e-173,0.0009309477717336138
cMono,HAND2,2.6784805387074892e-53,3.995212568240163e-53,-0.004773650838836074
cMono,HBP1,9.488293659070607e-102,2.4349476498578784e-101,-0.0005598777524326356
cMono,HDX,2.0242872211856116e-10,2.3156454248793515e-10,-7.565285209761366e-06
cMono,HES1,3.204022629939075e-129,1.38710735808338e-128,-0.0006145237127463052
cMono,HES2,4.8397797963853863e-79,9.026909777846649e-79,-0.0004480939211907453
cMono,HES4,8.541679671259084e-28,1.0803905997495159e-27,-0.00022785993328906448
cMono,HES5,8.283313632149037e-101,2.0855151343353955e-100,-0.0010858692961835253
cMono,HES6,6.579277084289428e-54,9.868915626434143e-54,-0.0005543126868944436
cMono,HES7,8.811905334796236e-136,4.490277120362675e-135,-0.0007972815377893239
cMono,HESX1,0.00017234264085353118,0.00018558636249647192,0.0002116981899204541
cMono,HEY1,1.4625391204650706e-59,2.293967839904713e-59,-0.0005138569692789696
cMono,HEY2,3.014347909829243e-51,4.397644553381019e-51,-0.00028807676728487275
cMono,HEYL,7.119221406320132e-83,1.396311380797595e-82,-0.0007102935367095976
cMono,HHEX,0.003048555159621674,0.003243467777219863,0.00016346530174287353
cMono,HIC1,6.535944796657168e-39,8.981653172180495e-39,-0.00019301939056978745
cMono,HIC2,2.3210522646612152e-08,2.6020217493307307e-08,0.00021169467810027136
cMono,HIF1A,1.3639849967646322e-110,4.174264429753831e-110,-0.0015014512284805617
cMono,HINFP,4.594669711474314e-143,2.7337001355978466e-142,-0.0012270897907865758
cMono,HKR1,0.0004453787123502482,0.0004776720328831967,0.0004131785182901679
cMono,HLF,8.447234515385945e-127,3.514181546439856e-126,0.010255746180221459
cMono,HLX,8.702001598804852e-52,1.2782940279623678e-51,-0.00010740295507168356
cMono,HMBOX1,1.9370409448315976e-57,2.9768378156502905e-57,-0.00018270527418030522
cMono,HMG20B,1.2908602365106962e-07,1.4350377368307845e-07,-1.5103966246878334e-05
cMono,HMGA2,1.2432222403713142e-120,4.5973322430397564e-120,-0.0005309310263192204
cMono,HMX1,3.435984835800672e-29,4.414142159382045e-29,-0.00010957059577619728
cMono,HMX2,3.409865343601488e-84,6.775198863685793e-84,-0.0002081292421065653
cMono,HMX3,7.386037693689089e-41,1.022903789828203e-40,2.2246027143664124e-05
cMono,HNF1A,2.0788131368337596e-27,2.62625858923838e-27,0.0008667302063132386
cMono,HNF1B,0.9155110158844659,0.9189625183006185,0.0003859649886726116
cMono,HNF4A,1.8506773449300923e-155,1.449243656140109e-154,0.0016611729368110305
cMono,HNF4G,1.2417588053963226e-157,1.0018735816265785e-156,0.0008904788030514189
cMono,HOMEZ,1.0248307549438729e-79,1.9283476219350257e-79,-0.0009810781634705576
cMono,HOXA1,7.386981602133383e-55,1.1143251283671462e-54,0.0009049321552482489
cMono,HOXA10,2.8957248510056298e-89,6.143320650041824e-89,-0.0009407070784580376
cMono,HOXA11,1.9907780501246572e-95,4.629210968084628e-95,-0.0011646896414371846
cMono,HOXA13,3.7189996435798887e-82,7.227617920460914e-82,-0.00038256083165160576
cMono,HOXA2,2.1560272830845107e-07,2.3868701210862826e-07,-7.34773725153022e-07
cMono,HOXA3,1.0709330489111647e-194,1.7280965107430158e-193,0.0008928677299133818
cMono,HOXA4,2.1754071101051298e-30,2.82193492358339e-30,0.0006267539092246685
cMono,HOXA5,1.5817001041383997e-122,6.037672440528301e-122,0.0013897352014247688
cMono,HOXA6,4.790168108062277e-15,5.6809900167999156e-15,0.00046419762670322356
cMono,HOXA7,1.5214126089483738e-130,6.695472845165364e-130,0.0017205892912756024
cMono,HOXA9,1.7646297243275838e-243,8.542412074585803e-242,0.0003818619457403964
cMono,HOXB1,9.35661235024751e-125,3.7745424822021205e-124,0.0014590260204155742
cMono,HOXB13,5.515291701932529e-132,2.49948326066304e-131,-0.0007758880797168596
cMono,HOXB2,9.733635887158933e-59,1.5222205902825644e-58,0.0011184979969801404
cMono,HOXB3,7.123552515402288e-07,7.853606034061528e-07,0.0003677195149586962
cMono,HOXB4,2.0045986479937587e-53,2.994246227367957e-53,0.0011595086642529721
cMono,HOXB5,1.861771400589966e-111,5.747207367038591e-111,0.0012666232390840838
cMono,HOXB6,2.4327354596552915e-79,4.5533625035727336e-79,0.0010710112413378214
cMono,HOXB7,1.5554059830212705e-72,2.733510514715599e-72,-0.00013602329138127402
cMono,HOXB8,3.608132604618347e-134,1.7387607348047691e-133,0.001779572589926122
cMono,HOXB9,3.5429453055394374e-65,5.840923762228329e-65,-0.0008447351565935672
cMono,HOXC10,1.125058518004033e-31,1.4719745966514683e-31,1.7152378825178788e-05
cMono,HOXC11,5.480675667707532e-117,1.8889707398409453e-116,-0.0010316677747343444
cMono,HOXC12,6.639624201508952e-29,8.478656804085172e-29,-2.9104986267791243e-05
cMono,HOXC13,9.367851518690089e-07,1.0306572177071224e-06,7.656190814793289e-05
cMono,HOXC4,0.7957858826762361,0.801051006663697,0.0003110139301703962
cMono,HOXC5,7.858808220052505e-217,2.0924076885889793e-215,0.00035771986254752635
cMono,HOXC6,0.9246039845550647,0.9254729732623532,0.00039565652652543207
cMono,HOXC8,1.2869520123904217e-79,2.417290816923808e-79,0.001086303486700392
cMono,HOXC9,9.434321267921965e-85,1.8921943785945185e-84,-0.0012614356016865426
cMono,HOXD1,1.093596736847389e-24,1.3637945254595658e-24,0.0007194801737213687
cMono,HOXD10,1.7533270306411952e-212,4.059333233984507e-211,0.0004109778740289975
cMono,HOXD11,4.0336726087685654e-51,5.876691283636829e-51,-0.0005970132514215021
cMono,HOXD12,2.3861946165208725e-118,8.414891611240826e-118,-0.0012649749470186496
cMono,HOXD13,4.0494119715071927e-109,1.1979510415708778e-108,-0.0005203921925000079
cMono,HOXD3,1.2140724945065058e-32,1.5943122153507134e-32,0.001056576719701028
cMono,HOXD4,5.301627098060169e-118,1.857313440603316e-117,0.0013360210881388432
cMono,HOXD8,1.0911615917881248e-134,5.405056256996991e-134,0.0018360669807070892
cMono,HOXD9,0.7082880532861169,0.7150016841229522,0.00017608209747766758
cMono,HSF1,3.719219995286162e-70,6.451090056970298e-70,-0.00015531464863721353
cMono,HSF2,1.095259737112267e-82,2.1402782018799347e-82,-0.0002635213661742082
cMono,HSF4,1.7994289642626825e-31,2.3514010391898856e-31,2.6264626449210016e-05
cMono,HSF5,8.100180232235033e-49,1.1673466775819094e-48,-0.000760452155083087
cMono,HSFY1,2.11405624030712e-115,7.035843424772134e-115,-0.0012146812940738994
cMono,HSFY2,5.943839169166827e-79,1.10474497646818e-78,-0.0006544394930758715
cMono,IKZF3,0.012050296798186057,0.01271909424189113,3.603135062860835e-05
cMono,INSM1,1.6279381400762574e-65,2.687990882451495e-65,-0.00030476835188535806
cMono,IRF1,6.719856186403936e-70,1.1617933179415895e-69,-0.006920294987066922
cMono,IRF2,3.876444729313163e-183,4.914778138950617e-182,-0.003287972557880839
cMono,IRF3,2.0831602443915074e-163,1.8643408909890383e-162,-0.005027066621200366
cMono,IRF4,6.984033411369425e-115,2.2956776491075428e-114,0.0024179414699791735
cMono,IRF5,1.7888670485640371e-141,1.0354040253916845e-140,-0.004623209801154424
cMono,IRF6,4.506189701067493e-149,3.1366614585861964e-148,-0.0026692636542090115
cMono,IRF7,1.7837528100423646e-118,6.332322475650394e-118,-0.005150120574963585
cMono,IRF8,1.5298462775952828e-60,2.4209305878736645e-60,-0.00618745394880893
cMono,IRF9,6.592457709845778e-82,1.2742227696888843e-81,-0.00633225673156293
cMono,IRX1,8.665558237960564e-10,9.849327132794023e-10,0.00020783192001186043
cMono,IRX2,0.018741411032357113,0.019742435953966693,-4.296647597566705e-05
cMono,IRX3,2.087085365199743e-24,2.596665787310428e-24,-0.00025041915986316957
cMono,IRX4,4.801750800866039e-55,7.26401222006013e-55,-0.00013330025391273875
cMono,IRX5,3.813158540036213e-29,4.886899933981428e-29,0.00039341492211192666
cMono,IRX6,1.329465699203026e-49,1.9237513174609003e-49,-0.00041583186092377517
cMono,ISL1,2.3890607633590923e-73,4.212499524797075e-73,-0.00019940127024284057
cMono,ISL2,6.195646104215868e-95,1.428217121426385e-94,-0.0002458610403666831
cMono,ISX,0.0023801988925178062,0.002539991804139743,0.00014902312403280472
cMono,JDP2,1.8500999031871813e-189,2.662643779586957e-188,0.017189254288992706
cMono,JUN,7.517917314817342e-174,7.773380524544144e-173,0.0026963503884902124
cMono,JUNB,8.598380050392628e-189,1.2049045728510724e-187,0.017842135369520284
cMono,JUND,1.1238007678070417e-193,1.7863400264395514e-192,0.008709100790351892
cMono,KDM2A,9.925513255930888e-133,4.595944181550607e-132,-0.0006750058940374823
cMono,KDM2B,1.641618004579739e-76,2.9784040457877714e-76,-0.0005008918207753052
cMono,KLF1,4.3766482393784507e-88,9.15742706274666e-88,-0.0012221456565665867
cMono,KLF10,3.342149885251066e-76,6.043106329019331e-76,-0.0007160195357113833
cMono,KLF11,1.3072577073741084e-116,4.4622739049789276e-116,-0.0016959016935464873
cMono,KLF12,1.5718668177031087e-110,4.7966709480051887e-110,-0.0017620172425329844
cMono,KLF13,1.428162061250575e-84,2.8536446439622188e-84,-0.0010982569159181874
cMono,KLF14,5.582955526930713e-109,1.6470492066983963e-108,-0.002000378490795665
cMono,KLF15,1.2492008755809774e-129,5.430199724464249e-129,-0.0017757671752767351
cMono,KLF16,1.1183716542249479e-61,1.7883871047290833e-61,-0.0005077523974486818
cMono,KLF17,6.780282996850827e-29,8.647905858258839e-29,-0.0006745788823092416
cMono,KLF2,5.023315381183747e-90,1.0785949356775586e-89,-0.0013080516080290483
cMono,KLF3,2.858075909133843e-85,5.797811129957224e-85,-0.000776380918723063
cMono,KLF4,4.332154450470409e-27,5.460052650592882e-27,-0.0003608846988309459
cMono,KLF5,6.080775841376933e-103,1.6109518087229934e-102,-0.0009537957294930982
cMono,KLF6,5.4013761805841046e-73,9.508207656730697e-73,-0.000585934021613839
cMono,KLF7,2.869978969294861e-101,7.312266991145997e-101,-0.001314293438878858
cMono,KLF8,9.522076627061138e-84,1.87796511255928e-83,-0.0005532338061924481
cMono,KLF9,2.448756222486947e-27,3.0899589774272495e-27,-0.0005140064792455755
cMono,KMT2A,1.1881755039144553e-105,3.295330499137747e-105,-0.0005694809927726807
cMono,LBX1,1.6645245309612408e-17,2.0008110896994598e-17,-0.00017705413352885405
cMono,LBX2,1.1317299435915625e-91,2.471090547515525e-91,-0.00036436861599553616
cMono,LCOR,3.015004088226816e-96,7.0726417488140065e-96,-0.00015478036294300657
cMono,LCORL,0.007819881379542894,0.008278502653293421,8.3076462250916e-05
cMono,LEF1,5.590863187037644e-61,8.873724730544099e-61,-0.003298280020555225
cMono,LHX1,5.983247822925297e-126,2.460293023712526e-125,0.0008601351191333644
cMono,LHX2,0.0011868943589052065,0.001269118968106471,6.695871879084953e-05
cMono,LHX3,6.778300365837201e-12,7.880884158970108e-12,0.0005690646965137852
cMono,LHX4,3.4669209855550184e-33,4.569642140613978e-33,0.0006660280220654319
cMono,LHX5,1.7997618954353938e-06,1.9719613360480393e-06,0.000537652335693241
cMono,LHX6,3.9247796635646136e-94,8.893383705736837e-94,-0.00019135734747885956
cMono,LHX8,0.9188272516449002,0.9214228088529366,0.00019941097127558477
cMono,LHX9,2.019113620727765e-93,4.517554634611491e-93,-0.00038939065264245124
cMono,LIN28B,1.7468369710087127e-122,6.644219193300996e-122,-0.0020983110843447034
cMono,LIN54,1.485610255309465e-152,1.0987325846559585e-151,-0.001738693051481402
cMono,LMX1A,2.9315451109824935e-08,3.282960613245379e-08,-2.63918121770762e-05
cMono,LMX1B,0.002236362285373822,0.002388892511457493,0.00047225035031182167
cMono,MAF,7.517760133616184e-21,9.192209577842982e-21,0.000236595595770394
cMono,MAFA,2.9341214065206045e-212,6.6485942509456246e-211,0.0007857446844711929
cMono,MAFB,1.714859366989713e-178,2.0520508155551057e-177,0.013507283559648364
cMono,MAFF,5.99193604871004e-176,6.6473040540377e-175,0.013551706614101627
cMono,MAFG,7.498221970053737e-175,8.066269088997202e-174,0.009945682497261132
cMono,MAFK,6.644082565494783e-179,8.040849923013573e-178,0.008002701579589794
cMono,MAX,2.8155588954447437e-64,4.613184959459465e-64,0.0003104588114962725
cMono,MAZ,1.7931026343608217e-118,6.344366463768356e-118,-0.0012811649510709525
cMono,MBNL2,2.6303901481788652e-133,1.2395422600931378e-132,-0.0010266408987786805
cMono,MECOM,1.4564238780267734e-58,2.2643670512387064e-58,-0.0017683543429678483
cMono,MECP2,4.496641098856105e-58,6.940467783017031e-58,-0.0008797989649090045
cMono,MEF2A,2.952314893938743e-104,8.000547995024837e-104,-0.0006438142099833063
cMono,MEF2B,7.744339123571704e-11,8.91645531524742e-11,-1.9802955714767062e-05
cMono,MEF2C,2.8617439007053004e-110,8.683069100430612e-110,-0.0006726921729623791
cMono,MEF2D,1.2219394769625752e-53,1.8277605940521666e-53,-0.0009770602525510808
cMono,MEIS1,1.2821461971336349e-06,1.4091699689858836e-06,0.0001241987826173501
cMono,MEIS2,6.813902923988751e-54,1.0206479063358678e-53,-0.0013911116573932375
cMono,MEIS3,2.5190000290896303e-51,3.685075592006121e-51,-0.001308107630699877
cMono,MEOX1,0.2598483533749083,0.2671221007184144,5.802252171000291e-05
cMono,MEOX2,1.8471892585702668e-117,6.428943007769066e-117,-0.0003987609018846032
cMono,MESP1,3.0740564876736194e-64,5.028986419926889e-64,-0.0031356776464066816
cMono,MESP2,1.233865325786572e-07,1.3745466233919448e-07,0.00019838688542661576
cMono,MGA,1.45573139445017e-46,2.056172327704816e-46,-0.00128369837655401
cMono,MITF,9.527712105054632e-68,1.613197677564894e-67,0.0009350824773611821
cMono,MIXL1,7.222403170664608e-07,7.954353026636823e-07,0.0002772954136896753
cMono,MLX,7.119836905430732e-24,8.837559795202483e-24,-0.00018074266581472043
cMono,MLXIP,1.055707272983648e-30,1.3711320069848598e-30,-0.0002531618769602492
cMono,MLXIPL,0.6114369933999952,0.6195817297535632,-0.0003322264378031736
cMono,MNT,4.20144957142025e-68,7.125069734972239e-68,-0.00042716256588826856
cMono,MNX1,2.6659037670999294e-22,3.28609665736276e-22,0.0007174982949168969
cMono,MSANTD3,0.11540004734908298,0.11966996146716005,0.00021532411367067034
cMono,MSC,6.09827102668151e-123,2.3446421095363926e-122,-0.0019901373720890153
cMono,MSGN1,3.60434410335349e-138,1.9685263949084443e-137,0.0008899871514239585
cMono,MSX1,7.739159461723266e-99,1.881781923912164e-98,0.0012649325908151814
cMono,MSX2,1.2557047908928173e-100,3.146648476002001e-100,0.0004867448079172434
cMono,MTF1,1.021553855357608e-89,2.189043975766303e-89,-0.001313538604273544
cMono,MTF2,5.831007474566724e-144,3.568978712881357e-143,-0.0008991494160117477
cMono,MXI1,4.218844793520772e-94,9.539426125476903e-94,-0.0005401988543716277
cMono,MYB,3.218977680748076e-112,1.0112717492615635e-111,0.0006680893929212469
cMono,MYBL1,3.707558366196608e-107,1.0642990997302931e-106,-0.001098646290331174
cMono,MYBL2,4.1293126607220134e-83,8.113870818577388e-83,-0.0010686324524428054
cMono,MYC,5.377373029136553e-92,1.1783749539157261e-91,-0.00040450903134936836
cMono,MYCN,2.9575187603350967e-13,3.4727204848477154e-13,6.819327479392484e-05
cMono,MYF5,1.922925893100486e-74,3.447670161872083e-74,-0.0012184269410987214
cMono,MYF6,2.7244530627633963e-47,3.868723349124023e-47,-0.001132299190992484
cMono,MYNN,2.183972717955117e-124,8.67884680829179e-124,-0.0012402678810585488
cMono,MYOD1,2.8524968707053963e-46,4.018398369446094e-46,-0.00099844905765889
cMono,MYOG,8.124399310594558e-101,2.0503519587163992e-100,-0.0010923767810327662
cMono,MYPOP,2.1868080776754925e-156,1.75109067874015e-155,0.002269211968639731
cMono,MYRF,3.9244370463246465e-94,8.893383705736837e-94,-0.0011636791007987313
cMono,MYT1L,3.6854628804937116e-177,4.220449427662154e-176,-0.0007499192746712284
cMono,MZF1,5.875822929405956e-09,6.628973961670915e-09,-2.8255390145615067e-05
cMono,NAIF1,1.87891935481104e-144,1.1702041595752967e-143,0.0006688962552523631
cMono,NANOG,6.13794584279651e-75,1.102346091497181e-74,-0.00032462023311628525
cMono,NEUROD1,8.492172963991676e-167,8.147895681667689e-166,0.0006014630793285012
cMono,NEUROD2,1.0892081056348889e-23,1.348844921512973e-23,-7.456297276735302e-05
cMono,NEUROG1,1.113019944857664e-132,5.1314555899281915e-132,0.0011548404453209649
cMono,NEUROG2,5.66565359899354e-162,4.94583695321977e-161,0.0005203004272005991
cMono,NEUROG3,7.367780682799645e-66,1.2241320479222498e-65,0.0005160421360698077
cMono,NFAT5,2.840117773524424e-105,7.836076240423605e-105,-0.00027444892752840483
cMono,NFATC1,2.416980029108667e-69,4.1383982813516567e-69,-0.0004517662059446703
cMono,NFATC2,8.034633357633474e-186,1.0696105657349562e-184,-0.0014124249236014408
cMono,NFATC3,4.020077156503767e-223,1.1571303166693275e-221,-0.0006716421873135987
cMono,NFATC4,1.5228343369963018e-131,6.785851752724107e-131,-0.0008809747084780623
cMono,NFE2,1.4585431424996511e-170,1.4517275203384378e-169,0.021952846728145847
cMono,NFE2L1,5.345093934278299e-184,6.942103707324864e-183,0.0160791704711874
cMono,NFE2L2,5.952344056716937e-176,6.6473040540377e-175,0.01705795846120417
cMono,NFIA,5.161445844114321e-237,1.9631927942791972e-235,0.0009456233553373425
cMono,NFIB,1.6731511722117994e-136,8.692224382466177e-136,0.0008090323524931678
cMono,NFIC,4.370976798754599e-36,5.870227352677992e-36,0.000255871803502941
cMono,NFIL3,7.194267272072265e-132,3.246565527439391e-131,0.009769795858507346
cMono,NFIX,1.7877799603310054e-81,3.4430120393354806e-81,0.0009720777385164442
cMono,NFKB1,1.5229344703892615e-139,8.536448478760862e-139,-0.004354508107138486
cMono,NFKB2,5.464161311753658e-84,1.083674450096396e-83,-0.0020989229745359862
cMono,NFYA,0.28061376060678445,0.2879129624722788,0.0004217418917787652
cMono,NFYB,3.3955512242778563e-09,3.8429989945333864e-09,0.0011394146366397462
cMono,NHLH1,1.1180763334992165e-131,5.024267068255972e-131,-0.002684021772398612
cMono,NHLH2,2.913774254795969e-107,8.386944814480289e-107,-0.003038323613492183
cMono,NKX1-1,6.364812423576429e-32,8.337669410958054e-32,8.928902893974057e-06
cMono,NKX1-2,5.707413404620574e-74,1.014757141222189e-73,-9.527996229426324e-05
cMono,NKX2-2,1.542982911460983e-135,7.825127622409271e-135,-0.00043071698922776463
cMono,NKX2-3,5.707186817235291e-100,1.4037307067795809e-99,-0.00042936257991384695
cMono,NKX2-4,2.8731927758972536e-142,1.6812913771047115e-141,-0.000530596930185691
cMono,NKX2-5,1.7854033804797044e-123,6.914380364403218e-123,-0.0005549491800073457
cMono,NKX2-6,1.1838192573790531e-190,1.7757288860685797e-189,-0.00045024950045095304
cMono,NKX2-8,1.5167681748850282e-131,6.785851752724107e-131,-0.0006403801654245051
cMono,NKX3-1,5.516837970844447e-122,2.076124536731214e-121,-0.0009693869085125508
cMono,NKX3-2,1.773381464363263e-102,4.6064664866996954e-102,-0.0010477523628086467
cMono,NKX6-1,0.026954944500744496,0.028338613912431282,0.00021175862820806048
cMono,NKX6-2,4.255805831493054e-31,5.547653868470137e-31,0.0005903697219985585
cMono,NKX6-3,8.558329763917701e-21,1.045254724606921e-20,0.0005100060784556416
cMono,NOBOX,0.004712158188269487,0.004998454651899405,0.00011484198066988652
cMono,NOTO,0.00026785400710464406,0.0002881459773398444,0.0001539831009375334
cMono,NPAS2,5.494840078337428e-31,7.154039955292616e-31,-0.0004861278502388353
cMono,NR1D1,1.6671240317101575e-114,5.429624139973449e-114,0.0028872528087861282
cMono,NR1D2,0.0,0.0,0.0013954674262328624
cMono,NR1H4,5.529335173938863e-137,2.91521879220044e-136,0.002764194992344468
cMono,NR1I2,2.774231499722652e-57,4.2572860910729465e-57,-0.00028078939230569405
cMono,NR1I3,8.055090254913632e-147,5.262988418087741e-146,-0.0006883666505049001
cMono,NR2C1,1.4259730234225703e-33,1.8841951240012873e-33,-0.00022226408989276664
cMono,NR2C2,1.4780703165594442e-118,5.282365393073182e-118,-0.004068514012413385
cMono,NR2E1,1.0470403308116542e-106,2.965686043389393e-106,0.0019153368455807687
cMono,NR2E3,3.683547282745066e-227,1.1208508160352843e-225,0.0009117002008748338
cMono,NR2F1,6.867432238141649e-212,1.5237115278376782e-210,0.0016499750490794785
cMono,NR2F2,2.3652626373519042e-175,2.5704129681426303e-174,0.0018645427287875133
cMono,NR2F6,3.1261719232615065e-77,5.710760031343919e-77,-0.0003078661147151323
cMono,NR3C1,2.272510016829354e-80,4.31412329398086e-80,-0.00015272195580224614
cMono,NR3C2,1.0993458956943163e-116,3.7646410897570636e-116,-0.00038307724662958384
cMono,NR4A1,2.920605231439964e-139,1.611629311649514e-138,0.0017161785235617968
cMono,NR4A2,1.4092150164398328e-58,2.1941725036672836e-58,0.0006206551340961347
cMono,NR4A3,1.3790210903997608e-91,3.003389491361442e-91,0.0007586238683001036
cMono,NR5A1,8.919134394728697e-162,7.599102504308849e-161,0.0013231633001906384
cMono,NR5A2,3.148440719508622e-272,2.095680853922927e-270,0.0016386789243803997
cMono,NR6A1,8.83332107931774e-250,4.703743474736697e-248,0.0008943483409787137
cMono,NRF1,7.846218730271812e-174,8.034829757441807e-173,-0.002736329545411864
cMono,NRL,7.028342499965545e-203,1.3366401361541618e-201,0.0002675176834480153
cMono,OLIG1,0.485033177736804,0.49290108233749647,7.750179813901376e-05
cMono,OLIG2,0.01819478062941021,0.01918558551517017,2.6997521914391004e-05
cMono,OLIG3,7.443394061677411e-28,9.425938972278767e-28,0.0004980033191842696
cMono,ONECUT1,2.229167857092738e-89,4.7481275356075315e-89,-0.0010943596751544016
cMono,ONECUT2,3.568158885895632e-135,1.7757426231209573e-134,-0.0007905321493454631
cMono,ONECUT3,3.96946001787464e-117,1.372556791894965e-116,-0.0004086352617619915
cMono,OSR1,1.0467185782424343e-102,2.7457026744536765e-102,-0.0009312332628373457
cMono,OSR2,8.486684323890385e-192,1.29118840070618e-190,-0.0009992071132723327
cMono,OTP,1.2166205534655462e-94,2.7864535256791544e-94,-0.00020391005329587782
cMono,OTX1,1.9703236297932362e-70,3.423156061549423e-70,0.0006046758034618863
cMono,OTX2,4.384427534059763e-107,1.2518539742020502e-106,0.0007694819651605997
cMono,OVOL1,1.2126290647162383e-58,1.8936216333178796e-58,-0.0003996565460194605
cMono,OVOL2,1.1112480424800191e-113,3.5646962808470495e-113,-0.0008625789040140174
cMono,PATZ1,1.1815681267097413e-124,4.730714492277724e-124,-0.0012465684512703874
cMono,PAX1,2.174160630382765e-41,3.018880145185978e-41,-0.00016454892322478876
cMono,PAX2,6.894008687591611e-166,6.497450665738996e-165,0.00036336666210146085
cMono,PAX3,1.3257214355609078e-08,1.4893389545067159e-08,0.0003527809877597772
cMono,PAX4,0.03517314181987321,0.036797049153403705,0.00013864559945049506
cMono,PAX5,2.5656785739501844e-34,3.402799104927704e-34,-8.73734137497098e-05
cMono,PAX6,2.3097300340267042e-125,9.388788115413894e-125,-0.0003548170352679174
cMono,PAX7,9.161695438473471e-08,1.0249165590309083e-07,-0.00011066044034642453
cMono,PAX8,3.9102275029811255e-33,5.147580087360815e-33,0.00036573552723133396
cMono,PAX9,1.9023151219620306e-99,4.6573921951484195e-99,0.0005954165599637018
cMono,PBX1,2.5013890667913528e-101,6.403796529165362e-101,-0.0012832478658438562
cMono,PBX2,2.8936162100939094e-62,4.6621804292738486e-62,-0.0003044131937474425
cMono,PBX3,0.6793758012459792,0.6871179756191528,0.0004920381422881259
cMono,PBX4,1.7782250263412392e-11,2.0607286757926222e-11,-0.00010086317156375937
cMono,PDX1,1.245078466855671e-77,2.282286690535782e-77,0.001280335421593136
cMono,PGR,2.1132430990062294e-74,3.782527563767453e-74,-0.00036384624983103186
cMono,PHF1,7.408802333851777e-103,1.9530629914733027e-102,-0.0005340210065300499
cMono,PHOX2A,2.121198994652344e-10,2.423902284661745e-10,0.0005585385066285281
cMono,PHOX2B,1.1335396833959045e-51,1.662837138865893e-51,0.00014308257523676024
cMono,PITX1,1.3036474755880578e-79,2.4443390167276084e-79,0.0008009652800539824
cMono,PITX2,1.6799676601246803e-246,8.519835990632306e-245,0.0007273074101729424
cMono,PITX3,4.468620904490395e-187,6.10138623497727e-186,0.0011509542740205797
cMono,PKNOX1,5.844240485555225e-70,1.0120514011571242e-69,-0.0034531968961464543
cMono,PKNOX2,1.6250801151413057e-65,2.6874383891700163e-65,-0.003859912753376077
cMono,PLAG1,8.526446531649707e-27,1.0708332023828937e-26,-5.166582312685075e-05
cMono,PLAGL1,6.485655466003916e-97,1.5349384602875936e-96,-0.0007480163311402478
cMono,PLAGL2,6.599052330343275e-85,1.3335845790921418e-84,-0.000756706300830759
cMono,POGK,3.8559062838564733e-112,1.2078059389138659e-111,-0.0007353482158476907
cMono,POU1F1,6.092763196700251e-147,4.005427657089979e-146,0.0020469929293559924
cMono,POU2F1,4.513378779637536e-53,6.722725035404161e-53,1.5706135878342122e-05
cMono,POU2F2,2.7942771378460197e-50,4.0543666918338023e-50,-0.0009317861448464512
cMono,POU2F3,1.9454118991568279e-28,2.47534488960815e-28,-0.00037716683524473965
cMono,POU3F1,1.5808409743187237e-05,1.7214679321568925e-05,5.142305669607631e-05
cMono,POU3F2,6.609807103898018e-29,8.450713764287382e-29,-0.00010570725057553257
cMono,POU3F3,3.8640231535435235e-20,4.7030681811701174e-20,-0.0003001644646746446
cMono,POU3F4,2.4649487369624523e-18,2.983148187346604e-18,-3.855278974547135e-05
cMono,POU4F1,1.0138211625644396e-33,1.3412665069951902e-33,0.0008089976385653383
cMono,POU4F2,5.6232087726641145e-64,9.171083220348058e-64,0.0015461683392463225
cMono,POU4F3,5.31339813948403e-99,1.2949128188902726e-98,-0.00015561615759002818
cMono,POU5F1,1.1767107421923168e-92,2.599993652354393e-92,0.0006476723764488896
cMono,POU5F1B,6.212568029083367e-101,1.5715878743405665e-100,-0.00037091107386873646
cMono,POU6F1,5.222314735617524e-09,5.89794824330081e-09,2.9355686082723625e-05
cMono,POU6F2,0.28333496897766985,0.2904251606941467,0.00042783201603048895
cMono,PPARD,1.169974488694351e-233,3.893821345185887e-232,0.001853491656817044
cMono,PPARG,1.7161570699344756e-189,2.5037086020276938e-188,0.002459447745186423
cMono,PRDM1,2.1769441119204274e-84,4.333542951766832e-84,-0.002849131259578419
cMono,PRDM4,3.496889554837017e-100,8.660900874189357e-100,-0.0014622292937931033
cMono,PRDM6,1.5762470081038185e-268,9.326128131280927e-267,-0.002510026401930803
cMono,PRDM9,5.629885992952619e-107,1.6031627225921228e-106,-0.0012267455113906742
cMono,PROP1,0.1953525825588921,0.20120938145572542,0.00010870534603791594
cMono,PROX1,2.644936658022077e-75,4.758205305394446e-75,-0.0012566987189911241
cMono,PRRX1,1.6796619607103052e-07,1.8614359918381634e-07,2.07673122882418e-08
cMono,PRRX2,7.13524784780863e-103,1.8856176074233727e-102,-0.0008531883438043023
cMono,PTF1A,1.1046756840861491e-76,2.0076443746616875e-76,-0.0007725657845406263
cMono,RARA,3.3255099293894265e-228,1.0416670808234526e-226,0.001579101513680306
cMono,RARB,1.3163915006124879e-140,7.537402947055374e-140,0.005504729261408908
cMono,RARG,1.0685045420423899e-138,5.865759470490439e-138,0.001663759557033597
cMono,RAX,0.10127038363536477,0.10522239860650096,0.0003169310841760727
cMono,RAX2,0.4083577130058459,0.41617317162796735,0.00015968743489725226
cMono,RBAK,0.1768545098019555,0.18250974122004127,0.00011238397885005719
cMono,RBPJ,1.3188713791480495e-96,3.107517740691754e-96,0.0010120028016827355
cMono,REL,9.40975805333127e-24,1.166634729545728e-23,0.000783179869901153
cMono,RELA,2.3952206126301613e-25,2.9940257657877014e-25,-0.00071744326934609
cMono,RELB,0.028639193263274014,0.030079626060539277,0.000151675479563693
cMono,REST,0.0006936149392559115,0.0007424119701583374,0.00010503038054929942
cMono,RFX1,1.2791262095562641e-86,2.629863732002744e-86,-0.002391500539752983
cMono,RFX2,5.1926749774153444e-105,1.4216449488296508e-104,-0.0007816909837926322
cMono,RFX3,3.4430400380806565e-48,4.921929718866979e-48,-0.00010721705483925092
cMono,RFX4,8.563863192152081e-85,1.7241047825410144e-84,-0.0013118614062299916
cMono,RFX5,1.1940443350596706e-106,3.3641725313189126e-106,-0.0007206720179055107
cMono,RFX6,1.2801860228067174e-94,2.925747026371575e-94,-0.0007536860899499172
cMono,RFX7,1.1752049509795281e-109,3.5355742169299365e-109,-0.0009773066643349523
cMono,RFX8,9.908757943416303e-120,3.6016475118560967e-119,-0.0009862044668210723
cMono,RHOXF1,2.2257632757674763e-104,6.047035430337659e-104,-0.0006560915306589934
cMono,RHOXF2,9.630663079381264e-181,1.1789259976483961e-179,0.0012114833961201464
cMono,RORA,3.0529898715623095e-131,1.3547642555057748e-130,0.0018371763201882295
cMono,RORB,3.0154848168745483e-121,1.1268390631478576e-120,0.003142758880441701
cMono,RORC,1.731385514201406e-235,6.358364043532749e-234,0.001222172530965411
cMono,RREB1,2.533450666768182e-76,4.588647891340329e-76,-0.002860491667107501
cMono,RUNX1,4.428566613273862e-97,1.0527730899858624e-96,-0.002743661369303353
cMono,RUNX2,5.64058599042157e-103,1.5018060199497432e-102,-0.009410413126186207
cMono,RUNX3,3.8408615162778744e-109,1.139419920567113e-108,-0.006000010280496397
cMono,RXRA,3.7013076971400417e-147,2.4483805574249344e-146,0.001198431041050366
cMono,RXRB,4.447174233547488e-241,1.9734335661366977e-239,0.001714709819198721
cMono,RXRG,0.0,0.0,0.001302240793243585
cMono,SCRT1,8.113004373098239e-37,1.0937151464999524e-36,-0.002582376626820093
cMono,SCRT2,7.818232146783163e-27,9.830480798493587e-27,-0.00177111033136855
cMono,SEBOX,0.05725376643385655,0.059662682242717445,0.0007034189678853386
cMono,SHOX,0.02255957665831953,0.023741056463547724,0.0002951300593815329
cMono,SHOX2,0.5715303355978445,0.5798545322606372,0.00023551256212418943
cMono,SIX1,3.636674335207984e-87,7.549820988297276e-87,-0.0017265254619547449
cMono,SIX2,9.105323278687782e-64,1.482747598134937e-63,-0.0011070333833170382
cMono,SIX3,1.7411048709924814e-109,5.208642380918518e-109,-0.0005499729102101669
cMono,SIX4,6.816310527538087e-127,2.8468120438541424e-126,-0.0010602004590958246
cMono,SIX5,8.367108379277667e-134,4.013950641410232e-133,-0.001635385232261491
cMono,SIX6,5.543823803013146e-116,1.868408971585127e-115,-0.0008658749820238745
cMono,SKOR1,1.5428074067409119e-40,2.131115289467018e-40,3.7896510177964915e-05
cMono,SKOR2,6.986848240088408e-59,1.0942637317197285e-58,-0.00015159912342462
cMono,SMAD3,1.240670747160904e-07,1.3806837468405044e-07,3.802093040478592e-05
cMono,SMAD4,1.5676576002099443e-38,2.140455569517424e-38,0.00010169318224002421
cMono,SMAD5,1.1393540230879148e-17,1.3726380481771826e-17,0.0002836828377739617
cMono,SMAD9,8.333814170782864e-133,3.8757694724383185e-132,-0.001388580017770799
cMono,SNAI1,1.6277779746500587e-67,2.7430119351302414e-67,-0.004453501555437472
cMono,SNAI2,4.6597452311976644e-52,6.88298012652637e-52,-0.00313044821979655
cMono,SNAI3,4.5751707426337486e-55,6.931090812098068e-55,-0.004790139226042767
cMono,SOHLH2,1.907449661287354e-12,2.2225753711936894e-12,-0.0002581886542486825
cMono,SOX1,8.174228564431975e-87,1.687122756031018e-86,-0.00013022502160456827
cMono,SOX10,1.215689868939558e-81,2.345488605834473e-81,-0.0009637629481014862
cMono,SOX11,1.3944232080986516e-34,1.851696654145965e-34,-0.00015092443719152884
cMono,SOX12,3.607516819105228e-150,2.5443744452629593e-149,-0.000896347335666018
cMono,SOX13,1.6891477161778223e-137,9.039911144368747e-137,0.0018816714725233274
cMono,SOX14,6.251058748050352e-112,1.9466016276823463e-111,0.0007024753555553778
cMono,SOX15,0.0,0.0,0.0013530804889318841
cMono,SOX17,8.316508360750115e-106,2.312553891435737e-105,0.000858443177543966
cMono,SOX18,2.2293871879389284e-229,7.194840470166542e-228,0.0004578366041757889
cMono,SOX2,2.6275515834764894e-234,9.327808121341536e-233,0.0008548878475061819
cMono,SOX21,1.720006754394223e-275,1.2212047956198984e-273,0.0009768848018906796
cMono,SOX3,1.0536968439514213e-123,4.125688010324499e-123,0.0006862571510366719
cMono,SOX30,6.202162004165562e-138,3.37005231348792e-137,0.0007920572226896364
cMono,SOX4,2.7107395015016815e-31,3.53791368762168e-31,-0.0004988428890846455
cMono,SOX5,3.5255256928151157e-13,4.13511548771817e-13,0.00027929018792496006
cMono,SOX6,1.4955480620742146e-19,1.818217678206665e-19,0.00044176333752042954
cMono,SOX7,0.0,0.0,0.0008206511817464273
cMono,SOX8,8.235020836831682e-307,8.770297191225741e-305,0.0011080702143550399
cMono,SOX9,7.459451207778457e-15,8.82701726253784e-15,0.0004097819245661716
cMono,SP1,2.918928408424702e-120,1.0682676133925454e-119,-0.0016247818442721024
cMono,SP2,0.03050352933226455,0.03200616624518399,8.962049360744517e-05
cMono,SP3,1.4474436813036795e-95,3.373145559274439e-95,-0.0013802056973886007
cMono,SP4,2.196888290377847e-108,6.445416058546577e-108,-0.002042288154808808
cMono,SP5,2.4807023765775426e-06,2.712472311144849e-06,0.0003318490351037484
cMono,SP7,1.1133331677638065e-89,2.380923340699707e-89,-0.0011937774579521346
cMono,SP8,2.8559085270536582e-89,6.070943276072148e-89,-0.0013299858139010287
cMono,SP9,5.360910127871598e-95,1.238474899388992e-94,-0.0012629169015462016
cMono,SPDEF,2.742662145099338e-88,5.74987241049369e-88,-0.004534480957824558
cMono,SPI1,2.3743452631646673e-26,2.974914947376907e-26,-0.012534588834387128
cMono,SPIB,7.64577407645707e-15,9.037457704136271e-15,-0.0007552811692038697
cMono,SPIC,2.4313144944227244e-21,2.9762642948967832e-21,-0.004484776329242129
cMono,SREBF1,0.00040265198246638653,0.0004322826223051428,-0.00019385462181055295
cMono,SREBF2,0.004557028655985946,0.004838719360543402,8.529497717514947e-05
cMono,SRF,2.854861660019876e-34,3.7816264526382686e-34,0.001155278896432771
cMono,SRY,0.0,0.0,0.0011985775131445678
cMono,STAT1,5.603726258665169e-104,1.5108780925261784e-103,-0.000850434147924975
cMono,STAT2,2.777735838813797e-61,4.435215394807637e-61,-0.006151872428955901
cMono,STAT3,8.645793162428665e-103,2.2735233871571677e-102,-0.0013453353973735954
cMono,STAT4,2.306160406080113e-183,2.9591094367172535e-182,-0.0015460113276625914
cMono,STAT6,9.169895983722267e-195,1.5024521881021868e-193,-0.0007190248284834921
cMono,T,2.0169021350158978e-60,3.1822233685806385e-60,-0.002680374768985083
cMono,TBP,2.905982908652648e-57,4.453052946352619e-57,-0.00045660136655647273
cMono,TBR1,6.294342445208739e-43,8.785681132565279e-43,-0.0019709871778312293
cMono,TBX1,3.070115026466317e-35,4.1076287728475217e-35,-0.0022604923745770666
cMono,TBX10,5.473165988446872e-47,7.740931975691792e-47,-0.001320165122325856
cMono,TBX15,2.9940297446851934e-41,4.15187718501267e-41,-0.0046472132539296385
cMono,TBX18,1.3845260592612928e-78,2.5643830488926553e-78,-0.0024419141730003258
cMono,TBX19,5.384070011075691e-35,7.185506969668684e-35,-0.0019373512252471026
cMono,TBX2,2.4906783384123227e-10,2.843057267319532e-10,-0.00025408198971059275
cMono,TBX20,1.4869890428216837e-42,2.07283158456164e-42,-0.0027937969205144575
cMono,TBX21,4.253750248212057e-22,5.2312286539790315e-22,-0.0008437333678655012
cMono,TBX3,2.9344730857467492e-86,6.010026608308246e-86,-0.001556830976731375
cMono,TBX4,1.4336149775059214e-49,2.0716417246184615e-49,-0.001586381209755322
cMono,TBX5,3.1263475299759534e-52,4.624389054756098e-52,-0.0014957698654450569
cMono,TBX6,3.318088987093468e-69,5.672174592703923e-69,-0.0018026603894408175
cMono,TCF12,1.1115031752483992e-108,3.2700300597777488e-108,-0.0021765205291031098
cMono,TCF21,1.2140855089791816e-127,5.110676154398531e-127,-0.001134123539734709
cMono,TCF3,1.3609189850155332e-63,2.2094187790267421e-63,-0.0038740709683410535
cMono,TCF4,1.6013059989058537e-58,2.48599254932177e-58,-0.0034929614690573374
cMono,TCF7,1.2901812151395847e-51,1.8900178736226376e-51,-0.002593751575643885
cMono,TCF7L1,5.388389078394806e-52,7.948247047770733e-52,-0.006302200224552995
cMono,TCF7L2,4.956609756833336e-47,7.019666743387637e-47,-0.00407646117434303
cMono,TCFL5,1.9499202390860842e-136,1.0080898323430483e-135,-0.0017172624701264488
cMono,TEAD1,1.9241315852173495e-09,2.182321765981339e-09,0.0001866284240027499
cMono,TEAD2,2.011913798036049e-133,9.608467241741668e-133,0.0009426983944902934
cMono,TEAD3,6.226745826374836e-131,2.751653238626224e-130,0.001255978047790035
cMono,TEAD4,1.64633004787746e-06,1.8057070041086457e-06,0.00024200971885010494
cMono,TEF,1.2129109945287119e-127,5.110676154398531e-127,0.015066583791270682
cMono,TERF2,2.94198736498302e-11,3.398282585365419e-11,0.0002723815327650807
cMono,TET1,1.7471692894397145e-91,3.789684914976163e-91,-0.000591562101632484
cMono,TFAP2A,1.4902993594443167e-06,1.636256513204327e-06,0.0005473670348311154
cMono,TFAP2B,0.44440693194137737,0.45247933319079053,0.00015058117934180822
cMono,TFAP2C,6.417724008279699e-98,1.5393865019860088e-97,0.0007757787939188139
cMono,TFAP2D,1.6928660196434527e-91,3.679392471265872e-91,-0.00041303750864474416
cMono,TFAP2E,1.713073776845185e-60,2.7068598996144243e-60,-0.00012968971567173119
cMono,TFAP4,8.474755115953319e-80,1.5974538404407582e-79,-0.0005988044673546286
cMono,TFCP2,8.283985783702261e-114,2.66539119626674e-113,-0.0012663672608342908
cMono,TFCP2L1,3.638725378982704e-71,6.33209563499441e-71,-0.0003397036617650735
cMono,TFDP1,1.0235737746109482e-200,1.8476374067129828e-199,-0.000779883681452341
cMono,TFE3,5.016477980431987e-36,6.728651195415701e-36,-0.0002165986694533939
cMono,TFEB,8.083379623053816e-60,1.2697344098159754e-59,0.00033938883712272827
cMono,TFEC,8.714791257026415e-61,1.3811387929662398e-60,0.00022700582127682667
cMono,TGIF1,1.1322931335094614e-91,2.471090547515525e-91,-0.0031580695317525442
cMono,TGIF2,4.81291281901763e-79,8.992547635532941e-79,-0.002480784596646704
cMono,TGIF2LX,2.617981645475639e-72,4.578243764255428e-72,-0.0030996022299790565
cMono,TGIF2LY,4.324169260571585e-58,6.683948131362465e-58,-0.0011455068028855056
cMono,THAP1,0.15532004245058292,0.16059790797074835,0.00032547763615975445
cMono,THAP12,9.453442642807828e-22,1.1612360339781242e-21,-0.00011279534834305119
cMono,THRA,7.82777884200718e-165,7.249203884119693e-164,0.004603113684446283
cMono,THRB,0.0,0.0,0.0011159473077909515
cMono,TIGD1,6.590680894564087e-146,4.25398494103682e-145,0.0023910095074587134
cMono,TIGD2,4.629204418192335e-130,2.0205338956454247e-129,-0.0007750233025949523
cMono,TIGD6,3.487821182675875e-130,1.5286129874690565e-129,-0.0007859076703418885
cMono,TLX2,0.10088987676319015,0.10492941284452882,0.00017816186200362064
cMono,TLX3,2.073856101825183e-114,6.733709598914085e-114,0.0012327246655373242
cMono,TP53,1.5358150097732954e-143,9.346531345191768e-143,0.000951548121541887
cMono,TP63,3.180470892952776e-151,2.304218708159664e-150,0.005383307339224985
cMono,TP73,1.1280922049603298e-222,3.1616268375861874e-221,0.001182645382383829
cMono,TPRX1,7.332355488364633e-10,8.351827374447416e-10,-0.00023021875789482754
cMono,TRPS1,2.3746974245927987e-90,5.1195399943144345e-90,-0.0016032326092553402
cMono,TWIST1,4.990087532913789e-05,5.4008569334890093e-05,0.00013194941309052632
cMono,TWIST2,9.980346505587626e-83,1.9538729831711069e-82,-0.00035409779322933405
cMono,UBP1,1.7619622528613306e-69,3.026596450479544e-69,-0.0002330865577267055
cMono,UNCX,0.008967955048113053,0.009484480760914004,7.363614622572182e-05
cMono,USF1,3.092063812792293e-24,3.842529709012593e-24,0.00041454865070350566
cMono,USF2,1.0361587140809362e-12,1.208662684004597e-12,0.00019706124280904902
cMono,VAX1,0.03885301007503825,0.040606924170672944,0.00014352101526691422
cMono,VAX2,1.2426927459500148e-173,1.2604454994635866e-172,0.000294339521499978
cMono,VDR,1.048350156287027e-48,1.508774211413086e-48,-0.0006990975369320362
cMono,VENTX,1.5574014034078357e-10,1.7834758006767153e-10,-0.0001033042928796496
cMono,VEZF1,8.956877614334667e-99,2.1679715134696406e-98,-0.0021769656610526045
cMono,VSX1,0.8018643641351293,0.8064075050084162,0.00010037535385096132
cMono,VSX2,3.396331723429187e-83,6.685939529486292e-83,-0.0003762653976710408
cMono,WT1,9.945371412357144e-69,1.6919841140831246e-68,-0.00037094772469262183
cMono,XBP1,1.8833650471101177e-41,2.6185166777705945e-41,-0.0013009245407260006
cMono,XPA,1.8494867265984672e-85,3.758975885166732e-85,-0.0017856958166269643
cMono,YBX1,7.217431812852157e-14,8.484067197226874e-14,-5.1009480413448036e-05
cMono,YY1,7.0102094561577905e-81,1.3403721850642812e-80,-0.0012897604011653518
cMono,YY2,1.8761076195633088e-78,3.468844817421743e-78,-0.00136084575880846
cMono,ZBED1,3.980723483002749e-99,9.72355621421543e-99,-0.0011590585937862885
cMono,ZBTB1,4.607915923136992e-100,1.1386149554851268e-99,-0.0008391774367036628
cMono,ZBTB12,7.557536191382068e-55,1.1384407417004106e-54,-0.0006657120041199654
cMono,ZBTB14,5.134880470221379e-158,4.206652077527514e-157,-0.0026006038537735657
cMono,ZBTB18,5.051861990923054e-137,2.676732845936842e-136,-0.002570547105539424
cMono,ZBTB2,1.2157238731993925e-93,2.7373063952586747e-93,-0.0030233854254285222
cMono,ZBTB20,8.348674876796102e-55,1.2558388056197527e-54,-0.00029431382026517267
cMono,ZBTB22,0.0,0.0,0.0016463539456756555
cMono,ZBTB26,1.460838414124445e-145,9.260672089538892e-145,-0.002994449754189943
cMono,ZBTB3,9.355886083264036e-31,1.216607897274261e-30,-4.6880099320061736e-05
cMono,ZBTB32,1.81970329401022e-238,7.453784646618786e-237,0.0013359432128604697
cMono,ZBTB33,1.8376055196933756e-111,5.689098483934434e-111,-0.0013968686684352194
cMono,ZBTB37,0.10243436190514232,0.10632806572025007,9.203242423440339e-05
cMono,ZBTB42,4.930757238579031e-49,7.115523657299009e-49,-0.0004054720735772524
cMono,ZBTB43,8.594927445029265e-96,2.011779720649707e-95,-0.0008575205087879272
cMono,ZBTB44,1.6483780016962206e-16,1.9724972716926686e-16,0.00019631250343300072
cMono,ZBTB45,6.367225300843599e-104,1.712397713484453e-103,-0.0009284824589877172
cMono,ZBTB48,0.2676385803885586,0.2748650801483268,0.00025051029689189194
cMono,ZBTB49,0.002448177246429724,0.00260991868613379,6.035227512155017e-05
cMono,ZBTB6,2.612982832510146e-71,4.562011010857877e-71,-0.00024063887497209786
cMono,ZBTB7A,2.805658598672882e-51,4.0988016564974205e-51,-0.0004826283486981074
cMono,ZBTB7B,1.1552532522377521e-29,1.4913269256160074e-29,-9.835332410087702e-05
cMono,ZBTB7C,1.0323653851320354e-38,1.4150181919763417e-38,-0.0004819978472394154
cMono,ZEB1,7.693814980150545e-37,1.0385187520735527e-36,-0.0036206066931258885
cMono,ZEB2,3.4314177483905345e-48,4.911908470478386e-48,-0.003543298133035583
cMono,ZFHX2,7.619614412684156e-10,8.669753578534857e-10,-7.661424774326646e-05
cMono,ZFHX3,3.777854466120903e-63,6.114612471761035e-63,-7.317318642843101e-05
cMono,ZFP1,1.679761472948766e-57,2.5851820356798203e-57,0.0010714716233873114
cMono,ZFP14,1.843043232487899e-82,3.5949469644681543e-82,0.00041549609102338805
cMono,ZFP28,4.816350048563444e-304,4.663102547018244e-302,-0.0029533765293024254
cMono,ZFP3,2.126536374733945e-153,1.6062136447458523e-152,0.0004456093732114197
cMono,ZFP41,1.5362599588183362e-43,2.158465509421541e-43,-0.0006245016766016128
cMono,ZFP42,1.6837217845390907e-40,2.3227509074276316e-40,-0.000153621845432661
cMono,ZFP57,1.464127584919891e-117,5.112445501441586e-117,-0.0019922525966775805
cMono,ZFP64,8.707841019428591e-76,1.5691794730442384e-75,-0.00017599920948386562
cMono,ZFP69,4.749242641380178e-102,1.2246836351258812e-101,-0.0017817126881126341
cMono,ZFP69B,4.090858161631851e-61,6.512352678830973e-61,0.00020665396610399303
cMono,ZFP82,0.732319048127749,0.738560403651565,0.0003440718199042847
cMono,ZFP90,1.622736886898167e-99,3.982061715545041e-99,-0.0009897151278026803
cMono,ZFX,5.48694896246985e-110,1.655410947600677e-109,-0.0006054500307296831
cMono,ZHX1,2.655388210982298e-47,3.775685506937446e-47,-0.00010400193329570748
cMono,ZIC1,2.946987460381391e-66,4.911645767302318e-66,-0.0004337992607054042
cMono,ZIC2,7.709934088130449e-70,1.3308070994909122e-69,-0.00012519024007128475
cMono,ZIC3,1.6960532525741147e-86,3.480340489386189e-86,-0.0015525868516106309
cMono,ZIC4,2.5799829447027078e-96,6.0655228170163e-96,-0.0007367478347025131
cMono,ZIC5,3.3174803047492124e-108,9.679771300158661e-108,-0.0011010850707520049
cMono,ZIK1,2.3754348760069923e-15,2.826634796589326e-15,0.0001332613271577271
cMono,ZIM2,7.125397466550984e-12,8.275407090378188e-12,-0.00024273091244352007
cMono,ZIM3,2.969185034427078e-162,2.6351517180540317e-161,-0.0021148517585532697
cMono,ZKSCAN1,6.719491264516214e-07,7.415811602808051e-07,0.00015025915359315536
cMono,ZKSCAN2,1.5271671960776161e-136,7.972711097169908e-136,-0.0015555205364272719
cMono,ZKSCAN3,1.920112817967863e-40,2.6454335719738345e-40,0.00045059283159620475
cMono,ZKSCAN5,1.10527096357246e-80,2.105748794641628e-80,-0.0005415522362231702
cMono,ZKSCAN7,3.727089606943508e-43,5.215966401307274e-43,-0.0004640519988845324
cMono,ZNF10,1.7018842665594346e-33,2.2459810952736034e-33,-0.00031538027875356936
cMono,ZNF100,7.583180335168018e-115,2.484949863678135e-114,-0.00169809775419065
cMono,ZNF101,8.547270913672889e-208,1.7505468313580053e-206,0.000840304245300405
cMono,ZNF114,5.017042189052144e-133,2.343486811991462e-132,-0.002994210284039678
cMono,ZNF12,2.6576393516901235e-134,1.2983421603440282e-133,-0.0012391122092059378
cMono,ZNF121,1.0354517302890419e-61,1.6582798387335782e-61,0.0007769989779094211
cMono,ZNF124,1.7314315685881525e-15,2.069556252016142e-15,-0.0004878248688894287
cMono,ZNF132,3.0324770694269794e-29,3.9051851014990724e-29,0.0010690281616221042
cMono,ZNF133,9.363248027635706e-124,3.679652822668645e-123,-0.0008086914454339157
cMono,ZNF134,4.8292505891214017e-54,7.254092915958099e-54,-0.0015110548855822997
cMono,ZNF135,3.8023405586648814e-48,5.42827439005107e-48,6.578833283940946e-05
cMono,ZNF136,4.5305697116609634e-156,3.600788614118602e-155,-0.0011812127101708536
cMono,ZNF140,0.4594813599466887,0.46738075295436815,0.00011891349473068524
cMono,ZNF141,1.5243937661500538e-124,6.080447044755833e-124,-0.0022184337197741055
cMono,ZNF143,0.004019790608570737,0.004272531934259316,5.115880180725507e-05
cMono,ZNF146,1.870829133611811e-89,3.992851758109376e-89,0.0006538890727988342
cMono,ZNF154,6.34352351402173e-15,7.514852661215955e-15,0.0003501106154000476
cMono,ZNF157,2.0213661473891653e-223,5.979874852692948e-222,0.0006367345903276617
cMono,ZNF16,1.0170774757772577e-174,1.0831875117027795e-173,0.000702418694276119
cMono,ZNF169,4.791425466473276e-80,9.047638513819218e-80,0.000258638746265961
cMono,ZNF17,3.2865797268380903e-116,1.1147157353766134e-115,-0.0018194910668197029
cMono,ZNF174,7.210225915698175e-149,4.95412296788294e-148,0.0024935113891330907
cMono,ZNF175,2.7613473141705576e-102,7.155316033069693e-102,-0.0004978638774842462
cMono,ZNF177,1.4062024103275548e-122,5.387070384887935e-122,0.0013804130926018537
cMono,ZNF18,5.740362131748251e-56,8.746045308028451e-56,-0.000775289776815638
cMono,ZNF180,9.597303584721392e-66,1.592076061951446e-65,-0.00044902907741743714
cMono,ZNF181,2.1492027735938076e-78,3.9668994001341513e-78,-0.0006761140634171533
cMono,ZNF182,3.1026808906577726e-146,2.0148507003356876e-145,-0.00235525316215892
cMono,ZNF184,4.5058184330650336e-152,3.309445952561559e-151,-0.0017987064593475918
cMono,ZNF189,0.19238127997690402,0.1983408162394993,0.00015523179952649235
cMono,ZNF19,0.05121824815918494,0.05342549881442895,0.00011511774911939984
cMono,ZNF197,1.3441349420220708e-184,1.7672885348808709e-183,-0.0002978012630663156
cMono,ZNF2,2.1154935022634113e-135,1.0677727866874564e-134,-0.0021745336661087716
cMono,ZNF200,1.196207871011287e-10,1.3713254926017442e-10,-0.0008652110321775569
cMono,ZNF202,8.043481026462434e-36,1.0775229299600619e-35,-0.00028911673867645926
cMono,ZNF205,5.742760732358008e-252,3.218968515769094e-250,0.0013382201615212254
cMono,ZNF211,4.406302600472985e-108,1.2821618222687785e-107,-0.0011625117458823903
cMono,ZNF212,4.045101417907112e-93,9.031515744383803e-93,-0.005048052312007889
cMono,ZNF213,2.1625069253555702e-132,9.884420066539409e-132,-0.001623748902703566
cMono,ZNF214,8.628653079520802e-13,1.0076223168519358e-12,0.00020484895016309207
cMono,ZNF22,1.5681529728922799e-142,9.27823842294599e-142,-0.0027923636109883354
cMono,ZNF222,7.165704594211837e-69,1.2229928514159625e-68,-0.0005516236528926195
cMono,ZNF223,0.20665868497201467,0.2126487917827977,0.0006718940768422887
cMono,ZNF224,2.401216010137266e-142,1.4128701938100488e-141,0.000360448640379582
cMono,ZNF225,5.964090025712696e-222,1.6286553531753902e-220,-0.0031972677117553944
cMono,ZNF23,6.541643589786241e-17,7.854397320318317e-17,0.00011522901567802973
cMono,ZNF232,1.789990196204177e-52,2.655069023617616e-52,-0.001045053518109705
cMono,ZNF235,4.5225376838617254e-178,5.351669592569709e-177,-0.0033731194677148746
cMono,ZNF24,1.5209274147016539e-164,1.3963687040148805e-163,0.0008551993972693572
cMono,ZNF248,9.55092671392929e-208,1.919195651006546e-206,0.00048242845410726007
cMono,ZNF25,0.3374982103298797,0.34461706040395196,-0.00014050961410787093
cMono,ZNF250,5.207182730266425e-200,9.242749346222904e-199,0.0003813805757402755
cMono,ZNF254,4.665086484459121e-106,1.3040202377818801e-105,-0.0002729522660901082
cMono,ZNF257,1.2798485129710282e-56,1.9555791482268939e-56,-0.0003070143075160313
cMono,ZNF26,4.246891903449719e-189,6.0305865028986e-188,0.0023491134705026645
cMono,ZNF260,3.1805129494784305e-20,3.875567838895341e-20,0.00020859944363697813
cMono,ZNF263,4.632687175048212e-122,1.7495786671724633e-121,-0.00033773600176347646
cMono,ZNF264,2.783837462204418e-77,5.09413556228128e-77,-0.0005776955812210444
cMono,ZNF266,4.913874746155586e-140,2.7689294204527507e-139,0.0007977080953357426
cMono,ZNF267,8.711522922368215e-69,1.4844435059715438e-68,-0.0001123109620776927
cMono,ZNF273,3.863621382488204e-140,2.1887004108244347e-139,-0.000540302931010565
cMono,ZNF274,4.295900391674615e-33,5.6483134779425496e-33,-6.716309834374143e-05
cMono,ZNF276,1.3077483064220948e-58,2.0391682962511432e-58,-0.0011622954666642392
cMono,ZNF28,2.1843341150661816e-63,3.54081557465066e-63,-0.0010908959692596393
cMono,ZNF280A,1.7461948980534581e-38,2.3781298803413464e-38,-0.0010980363744721028
cMono,ZNF281,2.4077218752058846e-133,1.1396550209307854e-132,-0.0016130714265559544
cMono,ZNF282,5.655373406887126e-107,1.6061260475559439e-106,-0.0001048828169188977
cMono,ZNF283,1.857210958374388e-149,1.3012695201767917e-148,0.0014856330626584618
cMono,ZNF284,3.251855852679992e-58,5.0410865838488956e-58,-0.0007129460586268103
cMono,ZNF285,2.624999177850836e-71,4.575489565321015e-71,0.0008003792793029596
cMono,ZNF287,1.3129955687009624e-192,2.056382765686066e-191,-0.004871366179350023
cMono,ZNF296,3.515585196583686e-95,8.139343987742664e-95,0.0032026076403732368
cMono,ZNF3,9.818726106130553e-170,9.593525966081688e-169,0.00102818892352851
cMono,ZNF30,4.86989432329695e-90,1.0477651422851014e-89,-0.00036473470390000623
cMono,ZNF300,7.88585770041715e-44,1.1094370476808804e-43,-0.001635933371744204
cMono,ZNF302,3.2618224437608076e-208,6.811452750206392e-207,0.0007609833497447122
cMono,ZNF304,4.9054715718612125e-06,5.347315480073891e-06,0.00021832583200763478
cMono,ZNF311,3.2878936404926744e-151,2.3659504913004719e-150,-0.002733609816983485
cMono,ZNF317,4.417994519941344e-06,4.8208649218622245e-06,-0.0001418773438733121
cMono,ZNF32,9.591380865825332e-11,1.1031123781969738e-10,0.00019329910563191388
cMono,ZNF320,3.474764043105882e-15,4.130160386057773e-15,0.0005124926509605639
cMono,ZNF322,3.689599356141112e-29,4.734244956976246e-29,-0.0003408158302213235
cMono,ZNF324,1.7322951688687506e-205,3.416471027491147e-204,0.002051104387246684
cMono,ZNF324B,9.413115812282482e-108,2.7167935880977897e-107,0.000581813289856287
cMono,ZNF329,3.976995708217984e-13,4.65951642381975e-13,0.00033902801631485735
cMono,ZNF331,1.2920814300872882e-36,1.7396545171213175e-36,-0.0005372666697642595
cMono,ZNF333,5.691119792135644e-52,8.38318475605043e-52,0.00020552789378750478
cMono,ZNF334,2.7200740614766643e-126,1.1228212695630417e-125,-0.00033601711014540764
cMono,ZNF337,0.03290047358660093,0.03448720902532479,0.00036257106732405855
cMono,ZNF33A,2.1575791814408828e-60,3.3991447163232845e-60,-0.0006651531221819607
cMono,ZNF33B,1.9320875294515866e-11,2.236601324854282e-11,0.0003253742493769876
cMono,ZNF34,2.0531478540097326e-134,1.007650905308924e-133,0.000829570011263563
cMono,ZNF341,4.459570542424134e-153,3.3212885508263653e-152,-0.00044501015083593665
cMono,ZNF343,3.94856401267092e-29,5.054351771027079e-29,-0.0013877272744117208
cMono,ZNF345,3.552948952102282e-162,3.127182342139612e-161,0.006556598496194277
cMono,ZNF35,5.8189803413142905e-84,1.1518985248140742e-83,-0.0014155967337836986
cMono,ZNF350,1.0788442586532182e-102,2.823019988859158e-102,-0.0010575084828794478
cMono,ZNF354A,7.792613723854111e-93,1.728986169980131e-92,-0.0004852851856974162
cMono,ZNF354B,0.6148229610915747,0.6224205832343414,0.00044750428474520446
cMono,ZNF354C,7.084081561831008e-116,2.3799832376498496e-115,0.0006510938585444527
cMono,ZNF37A,0.00015758280588329184,0.00016986405694909495,-1.460179059833977e-05
cMono,ZNF382,3.21191497807454e-100,7.973635085429802e-100,-0.00038020465624524595
cMono,ZNF383,1.963379309242013e-19,2.3842633572893315e-19,-0.00021905817070279332
cMono,ZNF384,9.486411770070845e-149,6.435050022372897e-148,-0.0027634653378837554
cMono,ZNF385D,2.4226694779155313e-120,8.897044806827728e-120,-0.0012384093312118594
cMono,ZNF394,3.7609779529009925e-192,5.804987709912402e-191,-0.0005370939738231287
cMono,ZNF396,7.363330000245932e-53,1.0937163807896676e-52,-5.281966451621198e-05
cMono,ZNF398,1.920344214679543e-05,2.0869046822792994e-05,-1.938189435689644e-05
cMono,ZNF41,1.685208011494553e-139,9.34763818875885e-139,-0.00050385694749833
cMono,ZNF410,6.624478546957277e-14,7.795657074596131e-14,0.000596170185785512
cMono,ZNF415,1.1612498114880154e-08,1.3059461977135548e-08,-4.658317665184007e-05
cMono,ZNF416,1.0681413805981732e-157,8.68374481173324e-157,0.003171369009332084
cMono,ZNF417,3.721052943491131e-109,1.1069612806754343e-108,-0.0007248206427189763
cMono,ZNF418,1.0606215437577905e-125,4.327823540620869e-125,-0.0015325883604561039
cMono,ZNF419,2.9904246290541306e-164,2.6989849406293637e-163,0.0008901699005748782
cMono,ZNF425,3.0856963285999055e-106,8.670888100155408e-106,-0.0005868115360286828
cMono,ZNF429,8.285980270824553e-70,1.427923784535299e-69,0.0008801087438721072
cMono,ZNF430,4.1755309695158036e-09,4.720743612032198e-09,0.0001601741872187673
cMono,ZNF431,1.124775759064744e-10,1.2908256286680523e-10,7.62204585313649e-05
cMono,ZNF432,1.4085782408882838e-50,2.0493658832595932e-50,-0.0006769541758608749
cMono,ZNF433,1.8769673418625206e-216,4.875537119716059e-215,0.0010715589456873325
cMono,ZNF436,8.707101728924026e-136,4.458203529473119e-135,0.0009602262637827593
cMono,ZNF439,0.7745696080133184,0.780432008073968,0.000518739537997746
cMono,ZNF44,6.422881679098928e-74,1.1400614980400597e-73,-0.0017596379163391344
cMono,ZNF440,2.1133157490177062e-47,3.008932182759167e-47,-0.0007416145095034514
cMono,ZNF441,1.876336053264068e-120,6.914525594208416e-120,-0.001410253797918204
cMono,ZNF442,6.348671680535325e-30,8.20550405311908e-30,-0.0011104341650564065
cMono,ZNF443,9.24352151250806e-78,1.6973017949691523e-77,-0.00022602887426962075
cMono,ZNF444,1.1920605573092888e-102,3.1116286606235114e-102,-0.0013338011396281657
cMono,ZNF445,2.310911066887814e-87,4.806875559053754e-87,0.0008146398734408256
cMono,ZNF449,6.462961684735241e-55,9.763197438642598e-55,-0.00016336327307756374
cMono,ZNF45,2.155433945407388e-48,3.089552021344371e-48,0.0005453770774206529
cMono,ZNF454,7.2978778421029175e-137,3.828689606817541e-136,-0.0006057993175740024
cMono,ZNF460,1.027693771975757e-121,3.8538516449090886e-121,-0.0019969608002847403
cMono,ZNF467,2.3818109705571536e-82,4.6373467708288276e-82,-0.0004187210032128644
cMono,ZNF468,1.5149390599899274e-116,5.154664852681383e-116,-0.0015211222108603207
cMono,ZNF479,1.5706213447393285e-308,1.8585685912748723e-306,0.0007249656210377396
cMono,ZNF480,4.057979251366019e-155,3.1317013787716015e-154,0.000976897751637235
cMono,ZNF483,2.471663917126252e-105,6.837200186336255e-105,-0.0011987898014091808
cMono,ZNF484,2.7297598128721255e-07,3.018893250995653e-07,0.000370710404490774
cMono,ZNF485,4.4709289905269046e-13,5.232460851550718e-13,0.0012353428321021515
cMono,ZNF486,2.4348678278138334e-112,7.6947603460585535e-112,-0.0005452654202101545
cMono,ZNF487,6.782155039969287e-149,4.69025656984889e-148,-0.003791956498257157
cMono,ZNF490,6.984647591412791e-108,2.0268800231211505e-107,-0.0015736755433239935
cMono,ZNF492,0.0,0.0,-0.0017298337033486042
cMono,ZNF496,9.790907340591484e-156,7.723938013133281e-155,0.01154806797840785
cMono,ZNF501,1.8711928975998536e-134,9.226020536777056e-134,-0.0029214745203531983
cMono,ZNF502,2.0498212085536742e-240,8.732238348438652e-239,0.0003844399464350348
cMono,ZNF506,7.702534005212267e-57,1.1786205051079114e-56,-0.0009095675824590671
cMono,ZNF513,1.0143697196547282e-64,1.669712135134908e-64,0.0009815828058360176
cMono,ZNF519,2.2717957769869268e-126,9.414250982455552e-126,-0.0018976427526361944
cMono,ZNF524,2.8631048193968285e-52,4.240899350010602e-52,-4.281794321364142e-05
cMono,ZNF525,2.5459800430968777e-143,1.5406072419875993e-142,0.0011863206894162969
cMono,ZNF527,1.370908203160518e-141,7.978236264294818e-141,-0.0018622648316665314
cMono,ZNF528,2.14724562466947e-15,2.5608248491298832e-15,0.001232076027943188
cMono,ZNF529,4.599911061568208e-133,2.1581080531145996e-132,-0.0015680625730855506
cMono,ZNF530,1.5810496703924677e-150,1.122545265978652e-149,0.0010388300388675387
cMono,ZNF534,9.421724321448847e-96,2.2004685092857504e-95,-0.0008267167153072665
cMono,ZNF540,8.314492146769082e-170,8.199013089175067e-169,0.0003611619845877573
cMono,ZNF543,7.318805542594043e-111,2.24626164347627e-110,-0.0009910778105179374
cMono,ZNF547,3.1339536960300334e-06,3.423241729509729e-06,-2.7555581291389443e-05
cMono,ZNF548,1.5592103165273442e-65,2.582517864854777e-65,-0.0007505780610914271
cMono,ZNF549,8.24607167793559e-67,1.3851839648267198e-66,0.001298061189403496
cMono,ZNF550,0.00010749075619561932,0.0001159854664116865,0.00019434687138962514
cMono,ZNF552,2.0124020937425265e-25,2.518458554448638e-25,0.0004180681096286835
cMono,ZNF554,1.3456089723596746e-270,8.42984444448855e-269,0.001220379893538237
cMono,ZNF555,6.9711646702966e-56,1.0606129105522683e-55,-0.002805949939122185
cMono,ZNF557,1.3151675632266512e-100,3.287918908066628e-100,0.0012130200114888945
cMono,ZNF558,1.708390214400149e-43,2.3939941820212614e-43,-0.0008748140795011017
cMono,ZNF561,4.441315624531897e-168,4.300001036478609e-167,-0.0015779014485959447
cMono,ZNF562,1.1249298424071043e-103,3.0101765883506684e-103,0.000296473046270878
cMono,ZNF563,2.805038533987369e-215,6.789468269764881e-214,0.0006788824811625668
cMono,ZNF564,9.405118242620331e-81,1.7950628903925903e-80,0.001608199882720436
cMono,ZNF565,0.2899334084054769,0.2966177521151132,-0.0003601841272731321
cMono,ZNF566,2.4025056323596595e-137,1.2793342492315188e-136,-0.0016508610298368587
cMono,ZNF567,4.910204388691728e-148,3.3097263759219563e-147,-0.002797216908616139
cMono,ZNF570,5.760531565962036e-82,1.115448385045376e-81,-0.001655462101259761
cMono,ZNF571,9.189662762694781e-124,3.6248114230629416e-123,-0.0021849282459868932
cMono,ZNF573,2.57963257030074e-05,2.8005185396231276e-05,0.0001624753910149765
cMono,ZNF574,1.4637391204809254e-85,2.980654231954466e-85,-0.00027316629298054784
cMono,ZNF580,2.74453855734837e-30,3.551559615523711e-30,-0.00047219594766732906
cMono,ZNF582,3.00507892178198e-62,4.834454760872823e-62,-0.0004096776554011021
cMono,ZNF584,3.0900264574852535e-147,2.069734702655217e-146,0.002061125103054645
cMono,ZNF585A,1.089762876830384e-177,1.2753818283784162e-176,-0.0015033431205233316
cMono,ZNF586,2.989133516753088e-14,3.525390028064273e-14,0.0007573788194145774
cMono,ZNF587,1.1963256538156966e-86,2.4643845673379437e-86,-0.0005879185259955524
cMono,ZNF594,9.823161743664316e-104,2.6351806692701506e-103,-0.0020662666289415904
cMono,ZNF595,2.622993020279667e-37,3.549539474711366e-37,-0.0005774287340738829
cMono,ZNF596,6.379943254252876e-11,7.361472985676395e-11,-1.3210786895555271e-05
cMono,ZNF597,6.055294905971279e-35,8.061111343574265e-35,-0.0006055117552421774
cMono,ZNF605,1.3063895446894087e-98,3.154886315406395e-98,-0.0005250667204943684
cMono,ZNF610,1.017143670749464e-145,6.52565065872397e-145,-0.0008618727269372461
cMono,ZNF611,3.3757508498040076e-147,2.2469841594007925e-146,-0.0009143058319446423
cMono,ZNF613,7.106772627208049e-162,6.1038006838520736e-161,-0.002381333594521265
cMono,ZNF614,1.1844976680127057e-16,1.420596865353076e-16,-0.0005680006681499754
cMono,ZNF615,4.50478666425904e-62,7.225297887704635e-62,-0.0005071765221690699
cMono,ZNF616,1.7873284204635174e-15,2.133973954925612e-15,-0.0005522285946242336
cMono,ZNF619,6.107932259884111e-78,1.1234797680097716e-77,0.0005560490058658246
cMono,ZNF620,6.261092320438078e-53,9.312937599534293e-53,-0.0006229859740470994
cMono,ZNF621,3.456270935024119e-60,5.437117497489937e-60,0.0009855208585642112
cMono,ZNF626,2.4322532160463905e-100,6.052218867031323e-100,-0.0010758202643647088
cMono,ZNF627,6.834654211084652e-13,7.99001836970928e-13,0.00023210388622144605
cMono,ZNF641,3.364373618518961e-103,8.98009499679873e-103,-0.0020549720339989863
cMono,ZNF649,2.411437261712297e-95,5.595164888286702e-95,-0.00022470634073169793
cMono,ZNF652,1.4372189882954667e-73,2.5425884095260334e-73,-0.00042540140785849237
cMono,ZNF653,1.921148917382694e-92,4.236073699818983e-92,-0.0012448931205980389
cMono,ZNF655,4.422854052467708e-86,9.04095885965088e-86,-0.000563175286654333
cMono,ZNF660,4.954171698620001e-181,6.13510797561663e-180,0.0022057143131075582
cMono,ZNF662,2.8212608905046234e-74,5.041347061052725e-74,0.0004800560693640245
cMono,ZNF667,1.35586472711232e-63,2.2045739456101082e-63,-0.0014415620888038674
cMono,ZNF669,1.8664783590905093e-06,2.0429593550168473e-06,0.00027509626307786056
cMono,ZNF671,3.1477492810613616e-64,5.141645681488267e-64,0.00036924148261392037
cMono,ZNF674,9.040932902715674e-85,1.8167157625268288e-84,-0.0007145932728306499
cMono,ZNF675,8.583941096904968e-39,1.1780795448716224e-38,0.00019043335810183665
cMono,ZNF677,2.2695971642720314e-141,1.306551881053899e-140,-0.0014023750026171938
cMono,ZNF680,7.163047963447675e-119,2.5772452976593832e-118,0.00043724237110819714
cMono,ZNF681,1.1893283891744105e-120,4.413361444148945e-120,-0.0003585769875447155
cMono,ZNF682,3.6327618905271235e-36,4.884963905822458e-36,-0.0001685477887707551
cMono,ZNF684,2.201671303209245e-72,3.862899403489037e-72,-0.0004573107806721162
cMono,ZNF69,2.0517557644059214e-28,2.607541633761702e-28,-0.00042664165738423576
cMono,ZNF691,1.5728395795547744e-24,1.9591510552348944e-24,-1.1104615314010309e-05
cMono,ZNF692,4.977767315203168e-74,8.865087275403636e-74,-0.0011395929324460388
cMono,ZNF695,3.139048882415091e-07,3.467932634618332e-07,-0.0007008415992797584
cMono,ZNF7,4.596789675354429e-58,7.084777140741631e-58,-0.00017979469680325067
cMono,ZNF701,8.91991058168757e-108,2.5814415134503426e-107,-0.0007638248760716421
cMono,ZNF704,9.338587853733571e-12,1.083398264076934e-11,0.0011049417047730714
cMono,ZNF705G,1.9947920157534617e-113,6.379740230562873e-113,-0.0020039269917601077
cMono,ZNF707,2.755979372684162e-292,2.4459316932571937e-290,0.0011146711295838556
cMono,ZNF708,1.5062115311801256e-48,2.1618804322194526e-48,-0.0013411787363901348
cMono,ZNF71,2.0090760666033104e-50,2.9190532209174976e-50,-0.0057168729904222
cMono,ZNF713,1.3309240434204924e-67,2.246329803871354e-67,-0.002211913497559337
cMono,ZNF714,7.936639437569524e-88,1.6541136988280907e-87,-0.00030430502014574916
cMono,ZNF716,2.5105463384257214e-11,2.9030747561600364e-11,0.00032371119002187754
cMono,ZNF730,1.2160775278589736e-09,1.3807276835499007e-09,1.8329453482459897e-05
cMono,ZNF736,4.774565921747262e-104,1.2905869813859985e-103,-0.0017939897596158938
cMono,ZNF737,2.4634238744223305e-72,4.315043464243063e-72,-0.0037450926979178296
cMono,ZNF74,5.9558979758954915e-09,6.712202480771109e-09,9.37061667435346e-05
cMono,ZNF740,2.1170880221366455e-110,6.441996410215793e-110,-0.002381474261434556
cMono,ZNF749,3.085676733440848e-122,1.1694824630300721e-121,-0.0013722862925699547
cMono,ZNF75A,0.9539939400465218,0.9539939400465218,0.00011336934301883761
cMono,ZNF75D,2.934673176289456e-47,4.1616869943385766e-47,-0.00011305255413836951
cMono,ZNF76,0.0408737120919236,0.042676964095979056,0.0005661140171761142
cMono,ZNF764,2.4185760835832413e-166,2.29980672233585e-165,0.0004262137841246714
cMono,ZNF765,7.46596254943228e-67,1.256121661160407e-66,0.0008037239055020684
cMono,ZNF766,2.614984573695558e-115,8.675883398709563e-115,-0.0019319746319859318
cMono,ZNF768,2.200943719062567e-15,2.6219295982121182e-15,-0.00037978163300571646
cMono,ZNF77,1.229391026285248e-93,2.762239331210526e-93,0.00029808350403690833
cMono,ZNF770,6.695869676031864e-85,1.3505873494268815e-84,-0.00023968808747288142
cMono,ZNF771,3.098731889158041e-174,3.235440648973837e-173,0.0008935795876046232
cMono,ZNF774,1.5931163299551202e-05,1.733063219001229e-05,9.113423336906332e-05
cMono,ZNF776,2.5298582143588674e-112,7.971298811515367e-112,-0.0012479401464639724
cMono,ZNF777,1.020574989769095e-127,4.33032814384098e-127,-0.0012859156087156182
cMono,ZNF778,4.221464118584471e-101,1.0704426872124908e-100,-0.00043175480414373024
cMono,ZNF780A,9.513026365899133e-18,1.147380869726226e-17,-0.00044171253723212633
cMono,ZNF782,1.1297900333701113e-104,3.077305333859766e-104,-0.0015870409323143625
cMono,ZNF783,5.487547811664273e-43,7.669604224963845e-43,-0.00028365706565391946
cMono,ZNF784,3.62397337322546e-32,4.753117786311718e-32,-0.0008831634182553116
cMono,ZNF785,1.870150669033818e-98,4.5061322681470954e-98,-0.0024002210079719644
cMono,ZNF786,9.534681152151659e-183,1.1946394620048843e-181,0.0006996303443785465
cMono,ZNF787,1.0519972189380926e-10,1.208605219168359e-10,-0.0004255780792659647
cMono,ZNF789,1.4496570571888273e-07,1.6098902668468206e-07,0.0003559927366333891
cMono,ZNF79,2.211111833956515e-132,1.0063393603263624e-131,-0.0006481425926268235
cMono,ZNF790,2.103449225437715e-69,3.607364613673376e-69,-0.0013352461454666509
cMono,ZNF791,1.27986552184134e-102,3.3326571656748826e-102,-0.002944783484611066
cMono,ZNF792,5.669270173038329e-115,1.875084700088764e-114,-0.0025813223690380922
cMono,ZNF793,2.2004978576792456e-88,4.6314826451154084e-88,-0.0007792863863627236
cMono,ZNF799,6.655077510216509e-216,1.6875375115191861e-214,0.002078504151332275
cMono,ZNF8,1.2438236562129723e-55,1.88968929224938e-55,-0.0010013309282904054
cMono,ZNF805,4.12617243846102e-87,8.549365071908532e-87,-0.0010939175613655285
cMono,ZNF808,3.44727803657238e-05,3.7386467504578253e-05,0.00019505910543485294
cMono,ZNF81,3.291209181895593e-62,5.286783979968034e-62,-0.0003186631957413106
cMono,ZNF816,5.555909038588153e-85,1.1249131418434189e-84,0.000914854629286488
cMono,ZNF821,6.443829711713952e-77,1.173107460337668e-76,0.0017893815498233115
cMono,ZNF823,3.4676709308034783e-81,6.666190507772029e-81,-0.0007281403344785511
cMono,ZNF84,5.613419502288668e-35,7.482217484277136e-35,-0.0006231132070206521
cMono,ZNF846,6.748924499035387e-27,8.495986514743127e-27,0.0003098552975374855
cMono,ZNF85,2.4600076549508737e-165,2.2981650460725268e-164,0.0019242930867354388
cMono,ZNF860,1.3149838179165114e-21,1.613430606084199e-21,0.0002554454946842484
cMono,ZNF879,4.4733431922087277e-128,1.9210122982670543e-127,-0.0029107928200047123
cMono,ZNF880,8.776907091003657e-25,1.0958272042108904e-24,-0.00040958910781897784
cMono,ZNF891,3.964144154423356e-61,6.320080126438433e-61,-0.00024522444150048076
cMono,ZNF90,1.4811873120294148e-201,2.719766357433322e-200,0.004558715613839456
cMono,ZNF93,7.308787570656597e-114,2.3587450796209928e-113,-0.0023733726720963355
cMono,ZNF98,1.073513175732216e-176,1.2162675873987341e-175,-0.0010510668777101249
cMono,ZSCAN1,1.361749939372678e-47,1.941450716776308e-47,-0.0009650214392188175
cMono,ZSCAN16,3.113192525472735e-134,1.5139497897846862e-133,-0.0013189448115854471
cMono,ZSCAN22,5.385813976388186e-102,1.3854811316071058e-101,-0.0010459389724440799
cMono,ZSCAN23,3.120407327959258e-155,2.4257181053113937e-154,0.0010478996060354975
cMono,ZSCAN26,0.9080837866736053,0.9123672007616883,0.00022896571033782093
cMono,ZSCAN29,1.616932851818378e-90,3.4929685338470036e-90,-0.0008950566852835677
cMono,ZSCAN30,1.233540474355933e-215,3.0551641981141136e-214,0.0008145015321684938
cMono,ZSCAN31,1.4411498663276552e-16,1.7264618758593395e-16,-6.987627699469971e-05
cMono,ZSCAN4,1.352319887835688e-23,1.6727301748490215e-23,-0.0006231980961264455
cMono,ZSCAN5,9.006047821817813e-94,2.032084942846604e-93,-0.00044515848630779543
cMono,ZSCAN5C,1.0129088687604649e-159,8.362387172324768e-159,0.0007006233005154173
cMono,ZSCAN9,1.4579453484391473e-40,2.0165088260879115e-40,-0.0018755580281739487
cMono,ZZZ3,1.2326203498797084e-161,1.0336540729306216e-160,0.001035563681621006
