,Unnamed: 0,TF,Correlation,p_val,pval_adj
0,0,ALX3,-0.0038809631433397,0.4528810022724328,0.5926678943124277
1,1,ALX4,0.0019373846427725,0.7078759494355741,0.8158736671025827
2,2,AR,-0.0003585206842907,0.9447177496960956,0.9658326710178748
3,3,ARGFX,-0.0038162689526718,0.4604488379517334,0.596931332820422
4,4,ARID3A,-0.02914390854487,1.721101984623812e-08,9.227327414337986e-08
5,5,ARID3B,-0.0148223323060996,0.0041445172590632,0.010468370341281213
6,6,ARID5A,-0.046262260397261,3.478821063511168e-19,3.525488175338757e-18
7,7,ARID5B,0.0662540831014956,1.138192502568103e-37,2.627327693428038e-36
8,8,ARNT,-0.0087501406794797,0.0905699742120361,0.16185730875312257
9,9,ARNT2,-0.0026009952643674,0.6149222091368425,0.7341959134952817
10,10,ARNTL,0.0201181648470218,9.964618326859172e-05,0.0003547307811473647
11,11,ASCL2,-0.0369995038631811,8.154564648578769e-13,6.274484465711998e-12
12,12,ATF1,-0.0184725813824547,0.0003527931062445,0.001089855283602898
13,13,ATF2,0.0212563443917909,3.928278578804355e-05,0.0001470450224768657
14,14,ATF3,-0.012869796576197,0.0128011895770404,0.028750779833839387
15,15,ATF4,0.0017785728993728,0.7308505072520037,0.8319681801731713
16,16,ATF6,0.0083705796197,0.1054507659707596,0.1821820925607094
17,17,ATF6B,0.0481979293640217,1.0850880534307576e-20,1.2700115104238868e-19
18,18,ATF7,0.0249822843871324,1.347732812504795e-06,5.802932472494739e-06
19,19,ATOH7,7.569415515457103e-05,0.988319370836034,0.995507148078478
20,20,BACH1,0.0505350987205257,1.3686974138972853e-22,1.834496049917168e-21
21,21,BACH2,-0.1063633070399749,1.4676967156778047e-94,6.419241951201346e-93
22,22,BARX2,0.0074505733834464,0.1495742917552098,0.2476020646386043
23,23,BATF,0.033666091786476,7.356095909902692e-11,4.890332560903309e-10
24,24,BATF3,0.0361633476355089,2.6215845207048118e-12,1.910997137461139e-11
25,25,BBX,0.0397358620084265,1.4903678990977345e-14,1.346191004511106e-13
26,26,BCL11A,0.0054328048003076,0.2933653675577087,0.4330135354182166
27,27,BCL11B,-0.2652168549012442,0.0,2.05e-321
28,28,BCL6,-0.0336528432823778,7.482798141749715e-11,4.935083536344456e-10
29,29,BCL6B,,,
30,30,BHLHA15,0.0083863915460282,0.1047943408383526,0.18142520257639794
31,31,BHLHE40,0.0110280871556641,0.0329239680106751,0.06722313861639068
32,32,BHLHE41,-0.0143207306644756,0.0056070543716725,0.013826297278515868
33,33,CDC5L,-0.0134523537566676,0.0092698078599981,0.021517347295135256
34,34,CEBPA,0.0574938278555551,9.054734790275377e-29,1.6009541724933698e-27
35,35,CEBPB,0.0605919703528988,8.958341031480204e-32,1.815702779795134e-30
36,36,CEBPD,0.1714328382794104,1.1823355453211971e-244,1.637534730269858e-242
37,37,CEBPE,0.0243837652920839,2.396185320201134e-06,1.010776650298042e-05
38,38,CEBPG,0.0294018354450419,1.2865325478366751e-08,7.069447439835472e-08
39,39,CENPB,-0.013522500189553,0.0089094612688113,0.020914582808989238
40,40,CENPBD1,-0.0134956328147455,0.0090459753801994,0.021115745901532867
41,41,CIC,-0.0011069254012472,0.8304763177232029,0.902125254938538
42,42,CLOCK,0.0111599780576172,0.0308873753314541,0.0633763182726873
43,43,CPEB1,0.0103737519739848,0.0448089745904828,0.08844716837218816
44,44,CREB1,0.0467613342591276,1.4419344262174772e-19,1.4978093852334044e-18
45,45,CREB3,-0.0138491664156754,0.0073908953991757,0.01764894849630749
46,46,CREB3L1,-0.0098810623893046,0.0559859799463952,0.10769525309132966
47,47,CREB3L2,0.005795169200843,0.2623499445574211,0.39495073175220463
48,48,CREB3L4,0.0078364324474262,0.1296030381972289,0.21890269256483175
49,49,CREB5,0.1395372412669329,5.614009119987656e-162,4.241128707917948e-160
50,50,CREBL2,0.0018980577599703,0.713541417776376,0.8189957433317244
51,51,CREBZF,0.0751044859197562,6.145096406596782e-48,1.547447004206644e-46
52,52,CREM,0.0197286172748436,0.0001355847703333,0.0004636664368188161
53,53,CRX,0.0092835037261744,0.0725640656013197,0.13340871352808997
54,54,CTCF,-0.028830927106004,2.442042264349157e-08,1.2604578395491612e-07
55,55,CTCFL,0.0193520881203529,0.000181661505075,0.0006038428428693
56,56,CUX1,-0.068701925418589,2.2126103166782942e-40,5.253369066170465e-39
57,57,CUX2,-0.0022179364659016,0.6679435784657526,0.780948566623712
58,58,CXXC1,-0.0030354083512734,0.5571498140583699,0.6884348408801964
59,59,CXXC5,0.018223004632882,0.0004237908414045,0.001294743342673307
60,60,DBP,0.0030756588435859,0.5519336105238147,0.6845624333511792
61,61,DLX2,,,
62,62,DLX4,0.0063789867113826,0.2172872955679073,0.3400484795045781
63,63,DMBX1,,,
64,64,DMRT2,,,
65,65,DMRTA1,,,
66,66,DMRTA2,,,
67,67,DMRTC2,,,
68,68,DNMT1,0.0260132272897236,4.852004229435764e-07,2.1561580292305453e-06
69,69,DPF1,0.0281527198053547,5.1485580589902954e-08,2.593001058800567e-07
70,70,E2F1,0.0173650965654698,0.0007827043049117,0.0022742212495860934
71,71,E2F2,-0.0200085515076846,0.0001087260008953,0.0003812291423797228
72,72,E2F3,-0.0363859481843288,1.925934124116111e-12,1.416328546142025e-11
73,73,E2F4,-0.0202965884549274,8.638044726987206e-05,0.00031074524537343584
74,74,E2F5,0.0375890889424641,3.5241742996678105e-13,2.815950810599952e-12
75,75,E2F6,0.0084416271328622,0.1025266869052207,0.17795719391973602
76,76,E2F7,0.016895169801029,0.0010833671413173,0.0030753220833460537
77,77,E2F8,0.0051589391995802,0.3183773063234182,0.4601244200952357
78,78,EBF1,-0.0215300239302856,3.11887125171652e-05,0.00011834621051033919
79,79,EBF2,-0.0017888359772831,0.729358214540813,0.8314083350938485
80,80,EGR1,-0.0506586991664656,1.0799585144533841e-22,1.4712221729684627e-21
81,81,EGR2,-0.0123263287603071,0.0171196419084425,0.03724194352333957
82,82,EGR3,0.0192968079468956,0.0001895535244603,0.0006250753128036083
83,83,EGR4,0.0038575952276582,0.4556064139172474,0.5943625274179475
84,84,EHF,0.0006336657603614,0.902457570303621,0.9409563876064103
85,85,ELF1,0.0273054985030638,1.276791467275078e-07,6.028486984690852e-07
86,86,ELF2,0.0226263540352733,1.204743862198006e-05,4.859913347022053e-05
87,87,ELF3,0.006706101169983,0.1946164413149667,0.30922803581785335
88,88,ELF4,0.0080558666168298,0.1192067148842905,0.20341022601405628
89,89,ELF5,0.0001091859519099,0.9831517851966336,0.9915038027893234
90,90,ELK1,0.0024623283629616,0.6339033283488353,0.749322426540373
91,91,ELK3,-0.047721571727967,2.5804618584474864e-20,2.9374846635203575e-19
92,92,ELK4,0.0600059669574634,3.4083586271878916e-31,6.586851207425903e-30
93,93,EMX1,0.0022006482323631,0.6703787161757585,0.782422349918617
94,94,EMX2,-0.0041450204670756,0.4227307843948395,0.5620628509313786
95,95,EOMES,0.0859358835743374,2.9420142482140867e-62,9.403130154868869e-61
96,96,ERF,0.0171626199209434,0.0009012391748335,0.002591452436977988
97,97,ERG,0.0017579370534055,0.7338541219109749,0.8342445626648702
98,98,ESR1,-0.0129330776498868,0.0123670691503524,0.02792672408680121
99,99,ESR2,-0.0561921513730634,1.4880842146960838e-27,2.424701926298913e-26
100,100,ESRRA,0.01730117480707,0.0008184638913513,0.0023698379571879106
101,101,ESRRG,-0.0010639277363533,0.8369670457711954,0.9032722273193031
102,102,ETS1,0.0943194507494206,1.1280437023079329e-74,4.26092871189951e-73
103,103,ETS2,-0.0299013200750302,7.272262092390951e-09,4.111054284882232e-08
104,104,ETV1,-0.0003346130620059,0.9483988682919204,0.9658326710178748
105,105,ETV2,-0.0087079300759241,0.0921363962068949,0.1639514887535967
106,106,ETV3,0.0324636772564191,3.375703509152304e-10,2.125158800079973e-09
107,107,ETV3L,0.0031511105305538,0.5422206476117688,0.6735207147464572
108,108,ETV4,,,
109,109,ETV5,0.0010950521090454,0.8322675191561909,0.9028907420610897
110,110,ETV6,0.0375600720343754,3.673831587697133e-13,2.907575285120303e-12
111,111,ETV7,0.0545642926593911,4.510642031984174e-26,6.815170051961542e-25
112,112,FBXL19,-0.0162485046539107,0.0016732083737032,0.004604093240223044
113,113,FIGLA,-0.0010306318579338,0.8420008963352472,0.9075262579177568
114,114,FLI1,0.0294688783095362,1.1923303191062404e-08,6.605509967848572e-08
115,115,FOS,0.0791281663174577,4.952928925045598e-53,1.3719613122376306e-51
116,116,FOSB,0.0261768301468085,4.111248966346028e-07,1.8367999414158869e-06
117,117,FOSL1,0.0194199810994363,0.0001723913797814,0.000579988812139042
118,118,FOSL2,0.011485207999161,0.0263218865616668,0.05511953766900789
119,119,FOXA3,,,
120,120,FOXB1,0.0033007844235827,0.523208731306003,0.6557865093744925
121,121,FOXC1,6.043055983616792e-05,0.9906746286964268,0.9955974098850172
122,122,FOXC2,0.0016850961930483,0.7444886670088372,0.8451777080387209
123,123,FOXD1,0.0069701003156292,0.1776246870079139,0.2849538897752441
124,124,FOXD2,0.0029254205422627,0.5715247553012285,0.7003483378775317
125,125,FOXE1,0.0046166022552369,0.371909303597747,0.5083168277791574
126,126,FOXH1,0.0048535894419588,0.3478646800049829,0.48830329237185943
127,127,FOXI1,0.008302459318425,0.1083161302531259,0.18674419966877104
128,128,FOXJ1,-0.0043355629367033,0.4017241386443136,0.5375728811810381
129,129,FOXJ2,-0.0059997384482677,0.2458774524331173,0.37506959353595326
130,130,FOXJ3,0.0548261716922522,2.622979762711903e-26,4.1126343071954557e-25
131,131,FOXK1,0.0281342973693652,5.2527066362813684e-08,2.629517599246878e-07
132,132,FOXK2,0.0150839442404206,0.003527880757593,0.009132924951899634
133,133,FOXM1,0.0255632413797313,7.614414332391414e-07,3.3657331437325876e-06
134,134,FOXN2,-0.0325486920661992,3.0362400555739936e-10,1.9260423558641133e-09
135,135,FOXN3,0.0187212801359653,0.0002932356271192,0.0009408448113361204
136,136,FOXO1,0.062174461839885,2.275596473682687e-33,4.8487709477700333e-32
137,137,FOXO3,0.019090486569578,0.0002219459177756,0.000720457256529389
138,138,FOXO4,-0.0046469948450569,0.3687693282146438,0.5078342388160022
139,139,FOXO6,-0.0011447935157192,0.8247694702864863,0.897098730115275
140,140,FOXP1,0.143992442892433,1.8377136581432895e-172,1.5271400499170735e-170
141,141,FOXP2,,,
142,142,FOXP3,0.0142846257006569,0.005728451254869,0.0140838550082726
143,143,FOXR1,,,
144,144,GABPA,0.0007754643266614,0.8807782468354233,0.928814071393746
145,145,GATA1,0.0014982245515337,0.7719906305352866,0.8643021516683491
146,146,GATA2,0.001382076868002,0.7892321265813391,0.8710007674967062
147,147,GATA3,0.0887533554512719,2.6666811288441623e-66,8.864048072277995e-65
148,148,GATA6,0.0052444275647141,0.3104240329797217,0.4523065435641565
149,149,GCM1,0.0056031366327561,0.2784924230372635,0.4147440923726989
150,150,GCM2,-0.0014226840429301,0.7831919917949632,0.8666212319329086
151,151,GFI1,0.0504421504938497,1.6350308731867498e-22,2.156683580346332e-21
152,152,GFI1B,0.001877686817204,0.716482321141333,0.8212369777495832
153,153,GLI1,-0.0016594230638377,0.7482486275654199,0.8482873253845348
154,154,GLI3,0.0072405576609493,0.1613887941031936,0.26245418375685686
155,155,GLI4,-0.0077790437818274,0.1324349042919167,0.2232320597699448
156,156,GLIS2,-0.0047877272921265,0.3544457037324819,0.49511749381628767
157,157,GLIS3,-0.0020240142151467,0.6954532837707099,0.8049048451440945
158,158,GMEB1,0.0114359741247099,0.026973146556144,0.05623640898600289
159,159,GMEB2,0.007058733770175,0.1721751112061168,0.277820422159773
160,160,GRHL1,-0.0028555737108013,0.580744085497293,0.7076221921528599
161,161,GRHL2,-0.003654903834933,0.4796298726505015,0.6189012797710665
162,162,GSC,-0.0134959753213819,0.0090442234044204,0.021115745901532867
163,163,GTF3A,-0.0113079691419748,0.0287318430983875,0.05954155016149629
164,164,HBP1,0.0489567808864819,2.682440023526925e-21,3.327026357538619e-20
165,165,HDX,-0.0065783889080187,0.2032519207227561,0.321107121902301
166,166,HES1,0.0240671635562014,3.231815341077079e-06,1.349567109766358e-05
167,167,HES2,0.0189849090547483,0.0002404659871199,0.0007775378805316611
168,168,HES4,-0.0008914755836078,0.8631069626939406,0.9195408794854675
169,169,HES5,,,
170,170,HES6,0.0013807827167016,0.7894248363228876,0.8710007674967062
171,171,HES7,0.0094475707938047,0.0676550961433304,0.1263401907755226
172,172,HESX1,0.0026748144931509,0.6049207247716725,0.7285349598337099
173,173,HEY1,0.0173928510197738,0.0007676338824983,0.0022456147153860906
174,174,HEY2,0.0053847329048758,0.2976575893761454,0.43856995881485256
175,175,HEYL,0.0044382556577004,0.3906671680333128,0.526165991305807
176,176,HHEX,-0.0428660700439523,1.0899983563604048e-16,1.0532425978319726e-15
177,177,HIC1,0.0390579291752058,4.1220338792751936e-14,3.6056948986080907e-13
178,178,HIC2,-0.0147545633176458,0.0043194529538464,0.010844306358448212
179,179,HIF1A,0.0009526432094186,0.8538165975717149,0.9135589753402509
180,180,HINFP,0.0071818628525305,0.1648134898391923,0.26707095079292303
181,181,HLF,-0.0086010202176477,0.0962012537817516,0.1700920040268842
182,182,HLX,-0.058600724489721,7.967864700708158e-30,1.4713990147307732e-28
183,183,HMBOX1,0.0055586409191848,0.2823272384493947,0.4197029251367568
184,184,HMG20B,0.0135352887157488,0.0088451310212235,0.020822390591038888
185,185,HMGA2,0.0002118161161496,0.9673218891834297,0.9791041290029598
186,186,HMX3,-0.002570508504672,0.6190738648687703,0.738092369735937
187,187,HNF1A,0.001335728287247,0.796141762010867,0.8762831844119608
188,188,HNF4A,-0.0110912108759057,0.031935330532119,0.0653651716063815
189,189,HOMEZ,-0.0158216058959537,0.0022115137152395,0.0059862146493942165
190,190,HOXA1,-0.0061098614152513,0.2373166369998444,0.3652039358275383
191,191,HOXA10,-0.0100581155094028,0.0517279138470218,0.10020022472465062
192,192,HOXA2,0.0098164947700116,0.0576097439746125,0.11056281118453345
193,193,HOXA3,-0.0076051897664726,0.1413066849707339,0.23674567582798361
194,194,HOXA4,-4.123967210572588e-05,0.9936360024903016,0.9955974098850172
195,195,HOXA5,-0.0048815443354448,0.3450950342227127,0.48605758210012584
196,196,HOXA6,-0.0090354606638943,0.080535776747017,0.1458066023459066
197,197,HOXA7,-0.0073936086371813,0.152711633603144,0.25179239588137436
198,198,HOXA9,0.0033149756295917,0.5214240528708038,0.6552185301116271
199,199,HOXB2,0.0056573752153999,0.2738660668140794,0.4093214056160071
200,200,HOXB3,-0.0200756470562906,0.000103079701616,0.0003645073703953022
201,201,HOXB4,-0.0038579100964261,0.4555696293778173,0.5943625274179475
202,202,HOXB5,0.0014338557051791,0.7815325296513115,0.8659380428536532
203,203,HOXB6,0.0011484738133094,0.8242153258557344,0.897098730115275
204,204,HOXB7,0.0185472031752621,0.0003338297220545,0.0010468396189709038
205,205,HOXB8,,,
206,206,HOXB9,0.0117113743372699,0.0235018345835524,0.04982149117074501
207,207,HOXC4,-0.0174232025232184,0.0007514619363131,0.0022144144293481777
208,208,HOXC5,-0.0036306418736821,0.4825510574674639,0.6207429237700658
209,209,HOXC6,,,
210,210,HOXC9,,,
211,211,HSF1,-0.0229770152512608,8.806557682750938e-06,3.5698777728614775e-05
212,212,HSF2,0.0275159104349581,1.0214549824812933e-07,4.878328105988246e-07
213,213,HSF4,0.0079857620786824,0.1224545785982866,0.2080976581087447
214,214,HSF5,0.0185250498652144,0.0003393575090809,0.001056202584442801
215,215,IKZF3,-0.1932250962997823,1.7417603791107e-311,4.82467625013662e-309
216,216,INSM1,,,
217,217,IRF1,0.0903506144303852,1.1903762692241254e-68,4.3008812161967316e-67
218,218,IRF2,0.0069544262888444,0.1786016147116538,0.28596905939380407
219,219,IRF3,0.057234863712261,1.58833871007344e-28,2.749811391814643e-27
220,220,IRF4,-0.0485611244886573,5.573680349949959e-21,6.811365251188847e-20
221,221,IRF5,0.0095122709620743,0.0657958850302569,0.12332462577506804
222,222,IRF6,-0.0030513999189803,0.5550745380550575,0.687432103016025
223,223,IRF7,0.0278514831540175,7.132313195556045e-08,3.486442509121808e-07
224,224,IRF8,0.0358290645531258,4.151328570088162e-12,2.973925898054537e-11
225,225,IRF9,0.0299771633752921,6.663523701857929e-09,3.792731641262972e-08
226,226,IRX3,0.0204232898636354,7.799321833824254e-05,0.00028426475631175243
227,227,IRX5,0.0114843835624096,0.0263326792474081,0.05511953766900789
228,228,ISL2,-0.0123375489871854,0.0170189330449957,0.037217719369451126
229,229,JDP2,0.0171285815127543,0.0009227287922197,0.0026440952632226576
230,230,JUN,-0.0482534418700406,9.803512206410207e-21,1.1806838613807075e-19
231,231,JUNB,0.0381413578945894,1.5875129305711448e-13,1.3061616290144766e-12
232,232,JUND,-0.0614611153552431,1.2055890026590751e-32,2.5046111530242284e-31
233,233,KDM2A,0.0096459138862872,0.0620887539119101,0.11833888646971856
234,234,KDM2B,0.0279084940784696,6.707370450671678e-08,3.3177528836358125e-07
235,235,KLF1,-0.0161806690999858,0.0017497830639154,0.004798909987173919
236,236,KLF10,-0.0450785662775014,2.707156751928838e-18,2.678151501015315e-17
237,237,KLF11,0.0009906164675849,0.8480591757048013,0.911691041410983
238,238,KLF12,0.1609322662001064,1.8020618786290407e-215,2.139304887343904e-213
239,239,KLF13,0.0286090231001621,3.1227916208860014e-08,1.5920489797277713e-07
240,240,KLF14,0.0005568165575285,0.9142384273834194,0.9484795669857946
241,241,KLF15,-0.0047264641982434,0.3606372842878578,0.4986515528173208
242,242,KLF16,-0.0185176340460576,0.0003412269857072,0.0010580583026965791
243,243,KLF2,0.1201566751054904,2.5269710432751323e-120,1.3124455856010217e-118
244,244,KLF3,0.0503362456728137,2.0014176298868382e-22,2.5987157038061915e-21
245,245,KLF4,-0.0532797784107925,6.2079341731331305e-25,9.050514557673037e-24
246,246,KLF5,-0.0095496955364594,0.0647398214201946,0.1222699809095039
247,247,KLF6,-0.018806910270859,0.000275009141796,0.0008857852590406047
248,248,KLF7,-0.0192261868320856,0.0002001048548444,0.0006521064093164565
249,249,KLF8,0.033758822418487,6.526155102632929e-11,4.373576524425777e-10
250,250,KLF9,0.0578008094442494,4.635948782895335e-29,8.374942257795702e-28
251,251,KMT2A,0.079611126903621,1.1628982464692183e-53,3.3323049752273118e-52
252,252,LBX2,-0.0089489213687361,0.0834790210613369,0.14982951728287464
253,253,LCOR,0.0084403908562969,0.1025770106950103,0.17795719391973602
254,254,LCORL,-0.0364978999480188,1.6481180774795766e-12,1.222844752129936e-11
255,255,LEF1,0.1286159079161767,1.0229519555129519e-137,7.083942291927192e-136
256,256,LHX1,-0.0109461888251818,0.0342456060154587,0.06940999658255166
257,257,LHX2,0.0007387308132841,0.8863864678954388,0.9293688000069854
258,258,LHX3,-0.0193591609890489,0.0001806743414672,0.0006029734046555952
259,259,LHX4,-0.0338647831499163,5.6896007846872126e-11,3.8439497984350193e-10
260,260,LIN54,0.0244414317783074,2.268224876523158e-06,9.616810573422164e-06
261,261,LMX1B,-0.007296950526717,0.1581492940802897,0.25794088614984345
262,262,MAF,0.073341212140349,8.644476085943154e-46,2.1128116551231649e-44
263,263,MAFA,0.0034715991181639,0.5019373064144612,0.6403576297002076
264,264,MAFB,0.0765749419400499,9.077279329510529e-50,2.3572559758822653e-48
265,265,MAFF,-0.0274269180002365,1.1227632109071829e-07,5.331521304364965e-07
266,266,MAFG,0.021133131177798,4.354471061994497e-05,0.00016226750908149897
267,267,MAFK,-0.0201151243367705,9.98880899981749e-05,0.0003547307811473647
268,268,MAX,-0.0060866208651569,0.2391055626743261,0.3659239826562891
269,269,MAZ,0.0030323965105471,0.5575410925539978,0.6884348408801964
270,270,MBNL2,0.039370843081164,2.5828483145444416e-14,2.283347818496203e-13
271,271,MECOM,0.004372624033995,0.3977122723013927,0.533923906756797
272,272,MECP2,0.0902250900365602,1.8277621289181163e-68,6.328626371378977e-67
273,273,MEF2A,-0.0102027390629165,0.0484539905039426,0.09451940401121198
274,274,MEF2B,-0.0078882968795652,0.1270844199860254,0.21508585134091063
275,275,MEF2C,0.0318150118650975,7.512236432689786e-10,4.523672808380588e-09
276,276,MEF2D,0.0208925892150662,5.3160097006725046e-05,0.00019546920625039167
277,277,MEIS1,0.0032479295535895,0.5298832039050998,0.6611605742419489
278,278,MEIS2,0.0056496522959121,0.2745215780647618,0.4095645087465297
279,279,MEIS3,-0.0073180451883849,0.1569502443699397,0.25724980881936865
280,280,MEOX1,0.0133078304390951,0.0100534943456624,0.023206816114570705
281,281,MESP1,-0.004025735638965,0.4362027497697667,0.5781251755321789
282,282,MESP2,-0.0066600688970451,0.1976974256162278,0.31292678226111487
283,283,MGA,0.028583669488443,3.21140155533333e-08,1.6272406661475592e-07
284,284,MITF,0.0221564166306469,1.820805196036503e-05,7.239660851226478e-05
285,285,MIXL1,0.0032197244812772,0.533462540529488,0.663856036667727
286,286,MLX,0.0347733849540238,1.725301681698279e-11,1.194771414576058e-10
287,287,MLXIP,-0.0131752051189953,0.0108240193149572,0.024847403455053683
288,288,MLXIPL,-0.0025613952220163,0.620317273501183,0.7385152640107208
289,289,MNT,-0.0003011360164693,0.9535552496333544,0.9693911346726216
290,290,MNX1,,,
291,291,MSANTD3,0.0073746911699398,0.1537645159332124,0.2527235059874919
292,292,MSC,0.0120750767047797,0.0195158565934434,0.04201470681127323
293,293,MSX1,-0.0048111930703424,0.3520920134057587,0.49340381642527065
294,294,MTF1,-0.0364994676920666,1.6445212918129388e-12,1.222844752129936e-11
295,295,MTF2,0.0090173443451846,0.0811448444510263,0.14658992551913663
296,296,MXI1,0.0216562857960715,2.8014012270496905e-05,0.00010777613054066171
297,297,MYB,-0.0124834432983398,0.0157559942371969,0.034546784198181066
298,298,MYBL1,0.1458939070290313,4.841896690321212e-177,4.470684610729919e-175
299,299,MYBL2,0.0024183948580535,0.6399684706122972,0.7543458142961972
300,300,MYC,-0.0150313288900451,0.0036447440553397,0.009406156242196555
301,301,MYCN,-0.0009138654503479,0.8597040393639155,0.9170912152906466
302,302,MYNN,0.0111734952974519,0.0306848927270725,0.06311669766385457
303,303,MYPOP,0.0050470799221376,0.3289837537540167,0.4714628134096657
304,304,MYRF,0.0018499950349909,0.7204868612924105,0.8245348294173738
305,305,MYT1L,0.0052952626039967,0.3057573925571039,0.44891235550345115
306,306,MZF1,-0.0183127577219407,0.000396848306644,0.0012214108993376445
307,307,NAIF1,0.0104978678138167,0.0423107669981818,0.08431713998918243
308,308,NANOG,-0.0014858954939472,0.773815644814984,0.8643021516683491
309,309,NEUROD1,0.0051660167178982,0.3177138376845472,0.459965503686165
310,310,NEUROD2,-0.001495772824865,0.7723534483699601,0.8643021516683491
311,311,NFAT5,0.0322431253822741,4.438509060038441e-10,2.752538081262645e-09
312,312,NFATC1,0.0014600912046749,0.7776393743865686,0.8659380428536532
313,313,NFATC2,0.1107346222900114,2.2308636812625198e-102,1.0904986583112669e-100
314,314,NFATC3,0.0417173156272416,6.911759505408839e-16,6.453564212353646e-15
315,315,NFATC4,,,
316,316,NFE2,0.1270031462843425,2.628313045314783e-134,1.6800985697358342e-132
317,317,NFE2L1,0.0114005089912968,0.0274508517353615,0.05702914448021352
318,318,NFE2L2,-0.0101948207406275,0.0486286268373716,0.09463791311910022
319,319,NFIA,-0.0002967811158459,0.9542261710736516,0.9693911346726216
320,320,NFIB,0.0024886467199797,0.6302817157011855,0.7471670552748718
321,321,NFIC,-0.0385541550304833,8.682539277837457e-14,7.215190139882928e-13
322,322,NFIL3,0.0482005396796118,1.0799240422940678e-20,1.2700115104238868e-19
323,323,NFIX,0.0014393353928907,0.7807189282646293,0.8659380428536532
324,324,NFKB1,-0.0084935143074595,0.1004322248524175,0.17533440935369526
325,325,NFKB2,0.0029199363028321,0.5722461148241204,0.7003483378775317
326,326,NFYA,-0.0010686742353325,0.8362499826494486,0.9032722273193031
327,327,NFYB,0.0046378748113195,0.369709817460455,0.5078342388160022
328,328,NHLH1,-0.0094084907641382,0.0687988800594923,0.12818804782385226
329,329,NKX2-3,0.0020667634102693,0.6893527988670649,0.798957009565594
330,330,NKX3-1,0.007974243843209,0.1229947574684149,0.2085890682780669
331,331,NKX6-1,,,
332,332,NKX6-2,,,
333,333,NKX6-3,-0.0198085097638084,0.000127341878468,0.00044092125419545
334,334,NPAS2,0.0063225441398554,0.2213838411611838,0.3432275597107159
335,335,NR1D1,-0.0063595877429977,0.2186890596265928,0.3409579897742938
336,336,NR1D2,-0.0039935370320773,0.439881213424767,0.5802242672317165
337,337,NR1I2,0.002125427276418,0.6810140588391207,0.7937204528685965
338,338,NR1I3,0.0052404552796803,0.3107906574911352,0.4523065435641565
339,339,NR2C1,0.0349713865124914,1.3249055625159542e-11,9.25207161723326e-11
340,340,NR2C2,0.0252891020122775,9.984068686370594e-07,4.321229728319772e-06
341,341,NR2E1,0.0043511523745504,0.400033630308403,0.5361741077198111
342,342,NR2E3,-0.0193188543514135,0.0001863682256767,0.000617019902539194
343,343,NR2F2,-0.0140691672294527,0.006503458867994,0.01575619335073765
344,344,NR2F6,-0.009509251140152,0.0658817152662947,0.12332462577506804
345,345,NR3C1,-0.0370207460898595,7.913536018493777e-13,6.1459331134283435e-12
346,346,NR3C2,0.0402993842910009,6.3156258442662114e-15,5.767346238005737e-14
347,347,NR4A1,-0.0118164493160387,0.0222834419481551,0.0477256192240126
348,348,NR4A2,-0.0528238015326002,1.5513883604663464e-24,2.1850910636398878e-23
349,349,NR4A3,-0.0186259560493579,0.0003148536333067,0.0009962399173619521
350,350,NR5A1,,,
351,351,NR5A2,-0.0059481406770238,0.2499622116101436,0.3804369923956581
352,352,NR6A1,-0.0027985752323666,0.5883187277285039,0.7147556472841912
353,353,NRF1,0.0196500546606152,0.0001441786555932,0.0004910346835981525
354,354,NRL,-0.0025287806666775,0.6247760547639596,0.7427595157494283
355,355,OLIG1,-0.0095300587522397,0.0652921838029359,0.12303357083954589
356,356,OLIG2,-0.0008507346633136,0.8693054470901871,0.9237759930076029
357,357,ONECUT3,0.0046273481707749,0.3707972122812946,0.5078342388160022
358,358,OSR2,-0.0026137194612946,0.6131930718430771,0.7341101687384849
359,359,PATZ1,0.010385818489469,0.0445607613539839,0.08816664925038244
360,360,PAX2,-4.83070707847795e-05,0.9925454095601896,0.9955974098850172
361,361,PAX5,0.0785000328331501,3.2180779186736605e-52,8.62652500134778e-51
362,362,PAX6,0.0022993741517991,0.6565199675381364,0.7716663267668901
363,363,PAX8,-0.0004303205348378,0.9336699482687746,0.9602471868952372
364,364,PAX9,0.005074593686514,0.326353910340824,0.4700457942257505
365,365,PBX1,0.0081156486627312,0.1164907487926773,0.1995954891684842
366,366,PBX2,-0.0065398867088762,0.2059092463362178,0.3240730751996155
367,367,PBX3,-0.0084992019980668,0.1002047263904882,0.17530553185367517
368,368,PBX4,-0.0376447932531975,3.253462688866457e-13,2.6248810625708987e-12
369,369,PHF1,0.0538555429480553,1.93131280556546e-25,2.8659302525444596e-24
370,370,PHOX2A,-0.0140485112921208,0.0065825023136752,0.015901335531000267
371,371,PITX1,0.0044703014038393,0.38725499861423,0.522892489444864
372,372,PKNOX1,0.005679472241649,0.2719964125140325,0.4072594933318216
373,373,PLAG1,-0.0090938653361925,0.0785974596260525,0.14260805447434416
374,374,PLAGL1,-0.004749718003539,0.35827918142963,0.49787625379267986
375,375,PLAGL2,-0.0261882702848758,4.06375004169674e-07,1.8253925862972922e-06
376,376,POGK,0.0071808933324898,0.1648705147494218,0.26707095079292303
377,377,POU2F1,0.0117682467677226,0.0228353816707806,0.04874725874523402
378,378,POU2F2,0.050124174854549,2.9966175194096723e-22,3.831060244045289e-21
379,379,POU2F3,0.0010754688144272,0.8352237488664235,0.9032722273193031
380,380,POU3F1,-0.0041991777770533,0.4166956203182379,0.5549263789814995
381,381,POU3F3,-0.0165022527056138,0.0014132993740943,0.003967742499568795
382,382,POU4F1,-0.0009455175218492,0.8548978564177264,0.9135589753402509
383,383,POU4F3,-0.0030112454017528,0.5602926665173942,0.6908059434361343
384,384,POU5F1,0.0015887765887837,0.7586258665455321,0.854225061110213
385,385,POU5F1B,0.0109685213249751,0.0338807938060848,0.06883848325881778
386,386,POU6F1,-0.0086401130614468,0.0946985579281017,0.16815064452618056
387,387,POU6F2,-0.0029635693354311,0.5665189287133947,0.6964160203562589
388,388,PPARD,-0.0157604864275311,0.0023004208787074,0.006186568770892716
389,389,PPARG,0.0246068419800021,1.936557562653457e-06,8.252714536230885e-06
390,390,PRDM1,0.0058546093970527,0.2574869827565052,0.3897480558664041
391,391,PRDM4,0.0151446181437783,0.0033973577523346,0.008878000918836644
392,392,PRDM6,-0.0029271870202088,0.5712924969402501,0.7003483378775317
393,393,PROX1,-0.0026080224924283,0.6139669882951228,0.7341101687384849
394,394,PRRX2,,,
395,395,RARA,0.0265869731148364,2.702409990924185e-07,1.2339025837681305e-06
396,396,RARB,-0.0095892726579118,0.0636382721525212,0.12073836565923542
397,397,RARG,-0.0009768447760135,0.850146289387239,0.912753961861493
398,398,RAX2,-0.0156476525980864,0.0024732044567691,0.006587284947356161
399,399,RBAK,-0.0205819386172854,6.857449908963565e-05,0.0002510370429228512
400,400,RBPJ,0.0263928508788883,3.298590808804744e-07,1.4897440011504034e-06
401,401,REL,-0.0293111265772516,1.425571375719294e-08,7.692531254693074e-08
402,402,RELA,0.0037460839500599,0.4687383695814664,0.6057878462242591
403,403,RELB,0.0063916965750482,0.2163723952391924,0.33925558574296016
404,404,REST,0.0044669835744438,0.3876074289988402,0.522892489444864
405,405,RFX1,-0.0102546264089029,0.0473226171362859,0.09252963491824372
406,406,RFX2,-0.0203228001514359,8.457831734379281e-05,0.00030558513788126883
407,407,RFX3,0.0122999784193122,0.017358211533179,0.03766233363987402
408,408,RFX4,-0.0016091495782979,0.755628727114215,0.852643508115593
409,409,RFX5,0.0047828890402868,0.3549322282023276,0.49511749381628767
410,410,RFX7,0.0149620454442209,0.0038039970177403,0.009726527759206736
411,411,RFX8,-0.0046259179530069,0.3709451058499559,0.5078342388160022
412,412,RHOXF1,0.006097541583945,0.2382637664634481,0.3653084685076114
413,413,RORA,-0.240715548929517,0.0,2.05e-321
414,414,RORB,-0.0072942539329112,0.1583030709222866,0.25794088614984345
415,415,RORC,0.0115570482402151,0.025395987671798,0.05342801457028896
416,416,RREB1,0.0080744916340137,0.1183552888677584,0.20237293219980912
417,417,RUNX1,-0.0127164298732366,0.0139097172106155,0.031072513446294303
418,418,RUNX2,0.0447403574623999,4.8190281507196495e-18,4.711308697938857e-17
419,419,RUNX3,0.1770271465485083,5.344942790137247e-261,8.883294917208104e-259
420,420,RXRA,0.0374103284513883,4.551075008832067e-13,3.5678710682447617e-12
421,421,RXRB,-0.00033993191589,0.9475798125201662,0.9658326710178748
422,422,SHOX,0.0027077828936083,0.6004776486981294,0.7242335646852619
423,423,SHOX2,-0.0059983815371658,0.2459842701288743,0.37506959353595326
424,424,SIX3,-0.0027654432311885,0.5927425813753229,0.7180307363307482
425,425,SIX4,0.0049290633198119,0.3404194297109648,0.4811029695404962
426,426,SIX5,-0.000421735002547,0.934990368985286,0.9604165594892122
427,427,SKOR1,-0.0005390106076119,0.9169708373148944,0.9501281369185501
428,428,SMAD3,0.0054697303010998,0.2900967187409239,0.4297154603809407
429,429,SMAD4,0.0014927978561763,0.7727937647990466,0.8643021516683491
430,430,SMAD5,-0.0230014745234273,8.614738154242423e-06,3.5092389245958106e-05
431,431,SMAD9,0.0089566789610102,0.0832116762212391,0.14967295008625472
432,432,SNAI1,0.0092717074716347,0.0729279709418311,0.13378177450918685
433,433,SNAI3,-0.0136811384293651,0.0081402789931663,0.019327348123774842
434,434,SOHLH2,,,
435,435,SOX11,-0.0047328451298555,0.3599892445209104,0.4985851036614609
436,436,SOX12,0.0175282658689078,0.0006978928504047,0.0020786701028183
437,437,SOX13,-0.026746305546936,2.2921651277860365e-07,1.0582162339945535e-06
438,438,SOX15,-0.0085828600985126,0.096905774303016,0.17097388205054417
439,439,SOX18,0.0020909484961866,0.6859103807536976,0.7966241246349152
440,440,SOX2,,,
441,441,SOX30,-0.0120888987998646,0.0193767928218758,0.0418236748960488
442,442,SOX4,-0.0327888934833144,2.2473210784585878e-10,1.436556781691605e-09
443,443,SOX5,0.0020945491662914,0.6853984291705711,0.7966241246349152
444,444,SOX6,0.004239023516974,0.4122879346071244,0.5499378389382349
445,445,SOX7,-0.0001477988433108,0.9771949359103026,0.9878941505370578
446,446,SOX8,-0.0004063405571995,0.93735841890735,0.9604745328138199
447,447,SP1,-0.0151125062467352,0.0034658795298914,0.00900045590418673
448,448,SP2,-0.014908780186513,0.0039307017572886,0.010019672270879836
449,449,SP3,0.0192335177159854,0.0001989844280755,0.0006510081091761437
450,450,SP4,0.0642272409415257,1.6865177254456025e-35,3.787827648230529e-34
451,451,SP7,,,
452,452,SPDEF,-0.0004830926247432,0.9255579545496744,0.9554517518394776
453,453,SPI1,0.1265650824089662,2.1787817606471607e-133,1.2932626022127076e-131
454,454,SPIB,-0.0390400799276356,4.2329622352755284e-14,3.664157934910379e-13
455,455,SPIC,-0.0129522624301734,0.0122380591944301,0.027710700791747717
456,456,SREBF1,0.0107822172192349,0.0370283588692619,0.07450500295485869
457,457,SREBF2,-0.0070210603668524,0.1744759560996102,0.280443944910592
458,458,SRF,0.0145293582336942,0.0049499308581756,0.012242239711737869
459,459,STAT1,0.0366550598796794,1.3233566470370829e-12,9.997357942616508e-12
460,460,STAT2,0.047710794758157,2.6312780275018915e-20,2.9548541092622592e-19
461,461,STAT3,0.0473355639156703,5.1746112687952166e-20,5.658028900485297e-19
462,462,STAT4,0.1545210665790367,1.3213547020711049e-198,1.3725571967763602e-196
463,463,STAT6,0.0271798133360689,1.4576992075295105e-07,6.843774245519905e-07
464,464,TBP,-0.012579952679953,0.0149665584395284,0.033077686338425796
465,465,TBR1,-0.0042461221359772,0.4115056052160498,0.5497767812452369
466,466,TBX1,0.0028424424694416,0.5824850698109751,0.7087043821565452
467,467,TBX15,,,
468,468,TBX18,,,
469,469,TBX19,0.0008629371980004,0.8674480447229476,0.9229824906078994
470,470,TBX2,-0.0052546845560967,0.3094786783760644,0.4523065435641565
471,471,TBX21,0.1030789734790808,6.758191865427637e-89,2.808028720085183e-87
472,472,TBX6,0.0049480022429356,0.3385673099792716,0.4798547370145511
473,473,TCF12,-0.0069224812250805,0.1806050461555347,0.28862075645240254
474,474,TCF3,0.0185853098497564,0.0003245178255867,0.0010214936100854078
475,475,TCF4,0.0004076831333017,0.9371518748313074,0.9604745328138199
476,476,TCF7,0.1900041872815656,4.54079586628465e-301,9.433503412206361e-299
477,477,TCF7L1,-0.0006207469923662,0.9044365669357892,0.9418380791023069
478,478,TCF7L2,-0.0174780746582347,0.0007230251994162,0.0021381990772770896
479,479,TCFL5,-0.0086170462804792,0.095582933714049,0.1693591000349141
480,480,TEAD1,-1.8178931550542584e-05,0.9971946512402344,0.9971946512402344
481,481,TEAD2,0.0015267474684516,0.767773360398722,0.8633554296229201
482,482,TEAD3,-0.0238446959723224,3.979257449507064e-06,1.6533814702701853e-05
483,483,TEAD4,0.0020152957349235,0.6966998860136835,0.8052261547668581
484,484,TEF,-0.0062180960372757,0.2291099568913761,0.35322889457650003
485,485,TERF2,0.0022287776286143,0.6664183234189192,0.780948566623712
486,486,TET1,0.032907538207114,1.9354514875685422e-10,1.2565313954448895e-09
487,487,TFAP2A,0.0022162838291688,0.6681762104325623,0.780948566623712
488,488,TFAP2E,-0.0039017987340117,0.4504587200734725,0.5911873103142069
489,489,TFAP4,0.0175183747550836,0.000702780486692,0.002085752087289472
490,490,TFCP2,-0.0038471986610778,0.4568219310145426,0.595014145255619
491,491,TFCP2L1,-0.0080053531743854,0.1215400610349522,0.20696678426238788
492,492,TFDP1,-0.0279025726849774,6.750339041156937e-08,3.3192495521901863e-07
493,493,TFE3,-0.0194799413772482,0.0001645761384653,0.0005582153921006707
494,494,TFEB,0.028783599789274,2.573917233937513e-08,1.3203242107420206e-07
495,495,TFEC,0.0549175967853115,2.1693833414548886e-26,3.466841455286562e-25
496,496,TGIF1,0.0128531265067108,0.0129177704634893,0.02893441308668358
497,497,TGIF2,0.0150105896075882,0.0036917670677336,0.009498013725345577
498,498,THAP1,-0.0265703322261135,2.7491361681146604e-07,1.2483782271602638e-06
499,499,THAP12,-0.0128947394402544,0.0126284920983455,0.02843977488814393
500,500,THRA,-0.0230379258078111,8.336264630006506e-06,3.4125300037120226e-05
501,501,THRB,0.009171702013971,0.0760734230984576,0.1389384936149852
502,502,TIGD1,-0.0472095185900119,6.486768163123597e-20,6.910903004558602e-19
503,503,TIGD2,0.0039976546875498,0.4394098100980833,0.5802242672317165
504,504,TIGD6,0.0050170779415322,0.3318670379149522,0.47303860807431436
505,505,TLX2,0.0091292449554873,0.0774418697145024,0.14112761783498134
506,506,TP53,-0.0186314057894937,0.0003135785597465,0.0009962399173619521
507,507,TP63,-0.0132402738038035,0.0104396576704362,0.02403145574551934
508,508,TP73,0.0050308752223601,0.3305390538079126,0.4727675623311108
509,509,TRPS1,-0.0148378425537022,0.0041053948887404,0.010432976001661383
510,510,TWIST1,-0.0015182956079178,0.7690223041120461,0.8635912631312301
511,511,TWIST2,-0.0004862624783879,0.925070930387405,0.9554517518394776
512,512,UBP1,-0.0106342102522036,0.0397032804985148,0.0795022315524477
513,513,USF1,-0.0076246676068306,0.1402905767784556,0.23551811980383153
514,514,USF2,0.009094662981691,0.0785712527109416,0.14260805447434416
515,515,VDR,-0.0136000929140396,0.0085254819078468,0.02018426058524413
516,516,VENTX,0.0016066078550644,0.7560024489380349,0.852643508115593
517,517,VEZF1,-0.004490403048698,0.3851239191995247,0.5212344899915392
518,518,VSX1,,,
519,519,WT1,,,
520,520,XBP1,0.0114338468183772,0.0270015970943624,0.05623640898600289
521,521,XPA,0.0146059220922446,0.0047268106270502,0.01177147939167379
522,522,YBX1,-0.1243188645514515,9.92692973938801e-129,5.4995190756209575e-127
523,523,YY1,-0.0038313692360356,0.4586761264039993,0.5955622828776929
524,524,YY2,0.0054556074100552,0.2913439719734859,0.43079509023125756
525,525,ZBED1,-0.0050701418789901,0.3267784977985446,0.4700457942257505
526,526,ZBTB1,0.0320209168620858,5.837394717628433e-10,3.5668198605509024e-09
527,527,ZBTB12,0.0159880948175475,0.0019850630233878,0.005426251051065011
528,528,ZBTB14,0.0052456852742656,0.3103080114235106,0.4523065435641565
529,529,ZBTB18,-0.0003523912960755,0.945661398130716,0.9658326710178748
530,530,ZBTB2,0.005889329308832,0.2546755632948821,0.3861959728066552
531,531,ZBTB20,0.1001038920438559,6.367443807868009e-84,2.519688478256341e-82
532,532,ZBTB22,0.0102806537510601,0.0467635243186866,0.0917137938642833
533,533,ZBTB26,0.015825515695453,0.0022059349373271,0.0059862146493942165
534,534,ZBTB3,0.0039494525891269,0.4449463032140135,0.5859752424260621
535,535,ZBTB32,0.0065409885554374,0.2058328505191417,0.3240730751996155
536,536,ZBTB33,-0.0034405220342367,0.5057729601303208,0.6426564676885269
537,537,ZBTB37,0.0073009400667075,0.1579219927856665,0.25794088614984345
538,538,ZBTB42,0.0135846732655433,0.0086005889512855,0.020304231302608666
539,539,ZBTB43,0.0107499718338007,0.0375976742078548,0.07546779533025928
540,540,ZBTB44,0.0103130437651838,0.046075527340254,0.09073166639751439
541,541,ZBTB45,-0.0033257213233619,0.5200747673031015,0.6552185301116271
542,542,ZBTB48,-0.000769970723468,0.8816165994452487,0.928814071393746
543,543,ZBTB49,0.005046289732148,0.3290594846902601,0.4714628134096657
544,544,ZBTB6,0.0047806698289842,0.3551555283956217,0.49511749381628767
545,545,ZBTB7A,-0.0027103785140838,0.6001284701298822,0.7242335646852619
546,546,ZBTB7B,-0.0499627133652291,4.070085275346303e-22,5.1246073694132994e-21
547,547,ZBTB7C,-0.0038985874114007,0.4508315796250923,0.5911873103142069
548,548,ZEB1,0.1101040737928082,3.133529295899118e-101,1.446646024940093e-99
549,549,ZEB2,-0.0168938844116051,0.0010843193386527,0.0030753220833460537
550,550,ZFHX2,-0.0045031324245022,0.3837781264528483,0.521110495232544
551,551,ZFHX3,-0.0267200193282406,2.3554302028953963e-07,1.081415745086229e-06
552,552,ZFP1,0.0019598732361254,0.7046434494088115,0.81327598119267
553,553,ZFP14,-0.0350297934965338,1.2252834608989163e-11,8.62890301700847e-11
554,554,ZFP28,0.0173881698699379,0.0007701566713418,0.0022456147153860906
555,555,ZFP3,-0.002969274896885,0.5657720651770158,0.6964160203562589
556,556,ZFP41,0.0073725400300316,0.1538845896867279,0.2527235059874919
557,557,ZFP42,-0.0002328172766832,0.9640840077417622,0.9782097807489675
558,558,ZFP57,-0.0007609853081737,0.8829881063791328,0.928814071393746
559,559,ZFP64,-0.0016052966415038,0.7561952653203273,0.852643508115593
560,560,ZFP69,0.0014702539384156,0.7761327922540343,0.8657266447826879
561,561,ZFP69B,-0.0085757096505945,0.097184305020055,0.17110202854166462
562,562,ZFP82,-0.0300917501125561,5.836748661877576e-09,3.3450607848415626e-08
563,563,ZFP90,0.0213452092682086,3.645801599602503e-05,0.00013771186951225817
564,564,ZFX,0.0093269701496849,0.0712359686218391,0.13213636143917032
565,565,ZHX1,0.003648425132492,0.4804089750009104,0.6189455166290799
566,566,ZIK1,0.018672486626895,0.0003041213139762,0.000972018507362393
567,567,ZIM3,-0.0049439939141507,0.3389587612846468,0.4798547370145511
568,568,ZKSCAN1,-0.0140790109771481,0.0064660913261342,0.015711467520519065
569,569,ZKSCAN2,0.0159830618868502,0.001991584320788,0.005426251051065011
570,570,ZKSCAN3,-0.0089567570569341,0.0832089883826781,0.14967295008625472
571,571,ZKSCAN5,0.0009629682632029,0.8522503513432228,0.9135589753402509
572,572,ZKSCAN7,0.0122184307851133,0.0181150937143195,0.039202194991144544
573,573,ZNF10,0.0385656604376509,8.536958963051857e-14,7.165871614440498e-13
574,574,ZNF100,-0.0052137636595358,0.3132615844424729,0.4551055536218443
575,575,ZNF101,-0.056489236618754,7.899175128688078e-28,1.339635618763223e-26
576,576,ZNF114,0.0002129797946376,0.9671424629421578,0.9791041290029598
577,577,ZNF12,0.030742872108166,2.724513114034e-09,1.6057236863562086e-08
578,578,ZNF121,-0.0368817893622802,9.626689514961914e-13,7.339246777003074e-12
579,579,ZNF124,0.0139953525963478,0.0067899102659184,0.016354827336168668
580,580,ZNF132,-0.0074655415442351,0.1487581330815172,0.2467425321172471
581,581,ZNF133,0.0047371590917211,0.3595515382558876,0.4985851036614609
582,582,ZNF134,0.0288599873622002,2.3643422869983825e-08,1.227980275309785e-07
583,583,ZNF135,0.0414125239210052,1.1190607289337785e-15,1.0332660730488555e-14
584,584,ZNF136,0.0304636289785353,3.7845779714445655e-09,2.2147776720214323e-08
585,585,ZNF140,-0.0040174770132388,0.4371445451646618,0.5784508232990986
586,586,ZNF141,0.0601707732009496,2.343711464132872e-31,4.637200539748612e-30
587,587,ZNF143,-0.00389680839307,0.4510382126825598,0.5911873103142069
588,588,ZNF146,-0.0063629218390981,0.2184476776170969,0.3409579897742938
589,589,ZNF154,-0.0194441227714633,0.0001692036788199,0.0005715782808916133
590,590,ZNF157,-0.0095088945024127,0.0658918578148378,0.12332462577506804
591,591,ZNF16,-0.0242782860946728,2.64838611108048e-06,1.1115196254080196e-05
592,592,ZNF169,-0.0212905103583498,3.817300837000974e-05,0.00014353742061302304
593,593,ZNF17,0.0100204275644307,0.0526108514701491,0.10143762777655198
594,594,ZNF174,-0.0032848402036123,0.5252176010991711,0.6563245511479868
595,595,ZNF175,-0.0024981738956844,0.62897288239258,0.7466806646689056
596,596,ZNF177,-0.0087104920915359,0.0920407043535153,0.1639514887535967
597,597,ZNF18,-0.0052886808265334,0.3063589623451572,0.4490022887280875
598,598,ZNF180,0.0033215373278751,0.5205999175870037,0.6552185301116271
599,599,ZNF181,0.0197315514011488,0.0001352733522483,0.0004636664368188161
600,600,ZNF182,0.012561785718528,0.0151124438066462,0.03331151406716974
601,601,ZNF184,0.0060991555962701,0.2381395320386556,0.3653084685076114
602,602,ZNF189,0.00500687982055,0.3328508170112809,0.47362847420612053
603,603,ZNF19,0.0077162393597553,0.1355886811051524,0.22808541295218956
604,604,ZNF197,-0.0012144717231948,0.8142931113395592,0.8916047923568786
605,605,ZNF2,-0.0105952103140154,0.0404348301145406,0.08077246111822893
606,606,ZNF200,-0.0057521046013414,0.2659125634696802,0.39959012702224994
607,607,ZNF202,0.0034676603365711,0.5024225927371063,0.6403576297002076
608,608,ZNF205,0.0120227692120626,0.0200500438231737,0.04305319487611717
609,609,ZNF211,0.0075724208388609,0.1430289032163251,0.2391489307299118
610,610,ZNF212,-0.0033113145145059,0.5218841727224044,0.6552185301116271
611,611,ZNF213,-0.022037786089126,2.0183605063060832e-05,7.94908806038083e-05
612,612,ZNF214,,,
613,613,ZNF22,0.0182860143178442,0.0004047040614093,0.0012409928967938313
614,614,ZNF222,0.0063501728157948,0.2193717161098318,0.3413818278787832
615,615,ZNF223,0.0082859021156827,0.1090218060615697,0.1875716787518932
616,616,ZNF224,0.0172612312920132,0.0008415727451049,0.002428288024938097
617,617,ZNF225,0.0035442496176506,0.4930309018137473,0.630321045241883
618,618,ZNF23,0.0211275761041757,4.374683592110549e-05,0.00016229294933231547
619,619,ZNF232,-0.0139214808486532,0.007087884481796,0.016974155632197337
620,620,ZNF235,0.0117645864554211,0.0228777748623842,0.04874725874523402
621,621,ZNF24,-0.0253143345332017,9.739265353998111e-07,4.2373452927604345e-06
622,622,ZNF248,-0.0246637521555242,1.8336218633066851e-06,7.854328703133275e-06
623,623,ZNF25,0.0046077825425842,0.3728235962893476,0.5087297348381739
624,624,ZNF250,-0.010408981683557,0.0440875346706758,0.08743852341606584
625,625,ZNF254,0.014259357372987,0.0058148162920964,0.014254018698324801
626,626,ZNF257,0.0216015961531119,2.9349444844555448e-05,0.00011187792965975036
627,627,ZNF26,-0.0642042555943818,1.7832953303350435e-35,3.899785314495845e-34
628,628,ZNF260,-0.0045630388461965,0.3774833531697931,0.5142437155477018
629,629,ZNF263,-0.003600844854005,0.4861518614441929,0.6244083413603158
630,630,ZNF264,0.000803735942376,0.8764659831137159,0.928814071393746
631,631,ZNF266,0.0001181195583515,0.9817734931612038,0.9913168563997088
632,632,ZNF267,-0.0130290314589596,0.011733671506356,0.02678758522467537
633,633,ZNF273,0.019848560125971,0.000123389670092,0.00042902433408557313
634,634,ZNF274,-0.0170750920839462,0.000957459735081,0.0027341891403859487
635,635,ZNF276,0.0590076461123634,3.223181754101629e-30,6.087418267405577e-29
636,636,ZNF28,-0.0092154670638564,0.0746835299008381,0.13670046992862658
637,637,ZNF281,-0.0177682745587984,0.0005885506064639,0.0017656518193917001
638,638,ZNF282,-0.0034040595631714,0.5102928913931291,0.6474097599201378
639,639,ZNF283,-0.0149979008713037,0.0037208080242433,0.009543183543661057
640,640,ZNF284,0.0075569973604224,0.1438450602160278,0.23954958925755335
641,641,ZNF285,0.0044951074220793,0.3846262212243195,0.5212344899915392
642,642,ZNF287,0.0063318219366517,0.2207066935442769,0.34281731277625066
643,643,ZNF296,0.0014348785473064,0.7813806441015715,0.8659380428536532
644,644,ZNF3,-0.0176480711454316,0.0006411473431021,0.0019165231730857736
645,645,ZNF30,0.0087769047695314,0.089587914597122,0.1604473211857939
646,646,ZNF300,0.0094014839033614,0.0690056253402688,0.12828562563258025
647,647,ZNF302,-0.0290391987648785,1.935593020578479e-08,1.0116212579249786e-07
648,648,ZNF304,0.0005013837875031,0.92274804462767,0.9549235679770782
649,649,ZNF311,0.0107974512710083,0.0367619541960029,0.07414850470116119
650,650,ZNF317,3.629305254213445e-05,0.9943993383929774,0.9955974098850172
651,651,ZNF32,-0.001182868790473,0.8190407263290657,0.8937369640994589
652,652,ZNF320,-0.0041360576276267,0.4237344967500026,0.5624973910531185
653,653,ZNF322,-0.0026473507828579,0.6086331601605314,0.73113698665037
654,654,ZNF324,-0.0180108940111941,0.0004943987782526,0.0014885702345214153
655,655,ZNF324B,-0.002722855205072,0.5984513135611332,0.7238908902027682
656,656,ZNF329,0.0138144528699455,0.0075404381982671,0.017954453131117366
657,657,ZNF331,0.0834973279060179,7.2700709756681675e-59,2.157653207421517e-57
658,658,ZNF333,-0.0073986598149683,0.1524314321273823,0.25179239588137436
659,659,ZNF334,0.0006701249805507,0.8968757731840876,0.937489015743367
660,660,ZNF337,0.0303941631319651,4.105166943812213e-09,2.3855900211943697e-08
661,661,ZNF33A,0.0510404809373825,5.176072422432933e-23,7.168860305069612e-22
662,662,ZNF33B,-0.029862802713679,7.601784396100626e-09,4.268299211594338e-08
663,663,ZNF34,-0.0081997787012786,0.1127512462380846,0.1935873669914221
664,664,ZNF341,0.0010863289913966,0.8335840419298137,0.9031399463411671
665,665,ZNF343,-0.0033234217549972,0.5203633616664928,0.6552185301116271
666,666,ZNF345,-0.0293973492973399,1.2930878590312776e-08,7.069447439835472e-08
667,667,ZNF35,-0.0055145774522798,0.2861599279022018,0.42464089301201735
668,668,ZNF350,0.0193619521918302,0.0001802861616363,0.0006029734046555952
669,669,ZNF354A,0.0024364018246138,0.637479618456433,0.7524794928086588
670,670,ZNF354B,-0.01265748205496,0.0143578304683877,0.03181695231794714
671,671,ZNF354C,0.0142018850746033,0.0060156384791714,0.01470292816526892
672,672,ZNF37A,-0.0428059029353247,1.2021745912093475e-16,1.1482840060861698e-15
673,673,ZNF382,0.0217218179876312,2.6489867709672272e-05,0.00010286486012494232
674,674,ZNF383,-0.0303880196661044,4.134758985456511e-09,2.386100497857195e-08
675,675,ZNF384,0.0026420318213867,0.6093533273276358,0.73113698665037
676,676,ZNF385D,0.0005619855979161,0.9134454012352188,0.9484795669857946
677,677,ZNF394,0.0130609114754131,0.0115296907875633,0.02639441610045483
678,678,ZNF396,-0.0102791813318997,0.0467950043302721,0.0917137938642833
679,679,ZNF398,-0.0180656746855226,0.0004751808269862,0.0014411506103121615
680,680,ZNF41,-0.0007929971015678,0.8781035515839674,0.928814071393746
681,681,ZNF410,-0.025408705811881,8.873898107335712e-07,3.881162803787356e-06
682,682,ZNF415,-0.0035586128871183,0.4912801513668885,0.6290505482062934
683,683,ZNF416,-0.015675851288834,0.0024289446441522,0.006490202570065846
684,684,ZNF417,0.0109983727786194,0.0333983487408203,0.06802457795005312
685,685,ZNF418,0.0049120647614748,0.3420873099791947,0.48263931170239516
686,686,ZNF419,-0.0145333647149879,0.0049380231705452,0.012242239711737869
687,687,ZNF425,-0.0018440751108599,0.7213439482387854,0.8245348294173738
688,688,ZNF429,-0.020262932904953,8.87475926553795e-05,0.00031788469610612223
689,689,ZNF430,-0.0117525888314395,0.0230172092163552,0.04891892802759891
690,690,ZNF431,0.0465093464676884,2.2520101844677455e-19,2.310395633694687e-18
691,691,ZNF432,-0.0290722117756475,1.865310465661357e-08,9.936365365157613e-08
692,692,ZNF433,-0.0152818543817816,0.003118199340894,0.008200074848996564
693,693,ZNF436,-0.0012644485676032,0.8067992064063342,0.8856910683648724
694,694,ZNF439,0.0318314388244672,7.362989682093656e-10,4.4661638144670285e-09
695,695,ZNF44,0.018075079402489,0.0004719524245702,0.0014366024352301691
696,696,ZNF440,-0.0022470412943039,0.6638519071555643,0.7791821113647937
697,697,ZNF441,0.0271295885783904,1.5367200118176338e-07,7.174237807980076e-07
698,698,ZNF442,0.0216140534331766,2.9040039524280777e-05,0.00011120863062063283
699,699,ZNF443,0.009591405121574,0.0635793616243813,0.12073836565923542
700,700,ZNF444,0.0027760073403074,0.5913303840795824,0.7173657652118729
701,701,ZNF445,-0.0211038895618005,4.461871751366826e-05,0.00016479179668381475
702,702,ZNF449,0.0007355616312491,0.8868705877322978,0.9293688000069854
703,703,ZNF45,0.0003369087255532,0.9480453499668396,0.9658326710178748
704,704,ZNF454,-0.0058257232209104,0.2598423717137463,0.3925982016256785
705,705,ZNF460,0.0221446201767179,1.8395928646233038e-05,7.279531764295074e-05
706,706,ZNF467,0.038684028782421,7.171809699714816e-14,6.081401898431646e-13
707,707,ZNF468,0.0019079067396795,0.7121210664061194,0.8184959974875313
708,708,ZNF479,,,
709,709,ZNF480,0.0053479278658649,0.3009720473884189,0.4426686219111081
710,710,ZNF483,0.0546361141807886,3.8884620680701416e-26,5.983911071419052e-25
711,711,ZNF484,-0.0361205906719993,2.7809728512949456e-12,2.009555164718348e-11
712,712,ZNF485,-0.0066795834561926,0.1963869674980566,0.31144574425741417
713,713,ZNF486,0.0185373300589388,0.00033628281444,0.0010505677398482708
714,714,ZNF487,-0.021709710426927,2.676539165495704e-05,0.00010345135100125257
715,715,ZNF490,0.0112464709740061,0.0296113251887371,0.06121147072597147
716,716,ZNF492,0.0104650192966996,0.0429601982282674,0.08540651848729716
717,717,ZNF496,-0.01670404068028,0.0012337649426173,0.0034872743786223685
718,718,ZNF501,-0.0004401898309884,0.9321523154310642,0.9598743173769695
719,719,ZNF502,-0.0093034891959048,0.0719509226050018,0.13286937041056998
720,720,ZNF506,0.0837048286685664,3.772764227665879e-59,1.1611729900704983e-57
721,721,ZNF513,0.0059140552190345,0.2526864632591592,0.383880166304134
722,722,ZNF519,0.0395546562503601,1.95934495796339e-14,1.750769526954384e-13
723,723,ZNF524,-0.038914969295175,5.0972720064527395e-14,4.3668381828476563e-13
724,724,ZNF525,-0.0200194603371271,0.000107788545051,0.0003795435632939873
725,725,ZNF527,0.0153202214928325,0.0030439856731948,0.00803032410928533
726,726,ZNF528,-0.0164130653791527,0.0015000810467973,0.004155224499628521
727,727,ZNF529,0.0479155724164638,1.815167793653165e-20,2.0950061618413614e-19
728,728,ZNF530,-0.0012140672224381,0.8143538356183765,0.8916047923568786
729,729,ZNF534,0.0048554322197213,0.3476816718447569,0.48830329237185943
730,730,ZNF540,0.0029132752435634,0.5731228464725274,0.7003898314980446
731,731,ZNF543,0.0100393438067784,0.0521661274165664,0.10081407414689925
732,732,ZNF547,0.0016468662328752,0.7500898283380321,0.8492161408023223
733,733,ZNF548,0.0317487368976462,8.144918046763551e-10,4.869371868244971e-09
734,734,ZNF549,-0.0350305759931801,1.2239999056875731e-11,8.62890301700847e-11
735,735,ZNF550,0.0427731316980459,1.267985250559203e-16,1.1973815263803384e-15
736,736,ZNF552,-0.0146043648577904,0.004731256458266,0.01177147939167379
737,737,ZNF554,-0.0186240695474028,0.0003152961471314,0.0009962399173619521
738,738,ZNF555,0.0047752810160669,0.3556981273265027,0.49511749381628767
739,739,ZNF557,-0.0108583586507197,0.035713091614629,0.07220822173176814
740,740,ZNF558,0.0166622843450848,0.0012690905165883,0.003574963455202974
741,741,ZNF561,0.0101043513011592,0.0506616892641788,0.09836416770685183
742,742,ZNF562,-0.0298386089156755,7.816142271749899e-09,4.359204179747762e-08
743,743,ZNF563,-0.0085286485116911,0.0990334754156308,0.17398904454627737
744,744,ZNF564,-0.0152207757263923,0.0032397530838592,0.008492854298697146
745,745,ZNF565,-0.0028875372105428,0.5765164716723675,0.7035024786486599
746,746,ZNF566,0.0328238899052811,2.1505527098313138e-10,1.385356047961102e-09
747,747,ZNF567,0.0222591191920147,1.6647823132394204e-05,6.651125491836337e-05
748,748,ZNF570,0.0309217109491105,2.2040859964105547e-09,1.3082824735836936e-08
749,749,ZNF571,0.0222832604668354,1.6300027013113236e-05,6.543634032800531e-05
750,750,ZNF573,0.0130070562957051,0.011876134568669,0.027038541990586137
751,751,ZNF574,0.013000382578372,0.0119197022634029,0.027063586286578716
752,752,ZNF580,0.0097365194449938,0.0596750750907055,0.11399997103534774
753,753,ZNF582,0.004376223273397,0.3973239451261116,0.533923906756797
754,754,ZNF584,-0.0011799715244699,0.8194763090084648,0.8937369640994589
755,755,ZNF585A,-0.0007521007655972,0.8843445613670908,0.929064893168208
756,756,ZNF586,-0.0146458391687084,0.0046141322676019,0.011549228657762587
757,757,ZNF587,0.0157697623203996,0.0022867203219999,0.006169690219421809
758,758,ZNF594,0.0092956947034195,0.0721895465910869,0.13301444172326654
759,759,ZNF595,0.0163541694367452,0.0015600516940682,0.0043069865706666915
760,760,ZNF596,-0.0005702985794722,0.9121702175705528,0.9484795669857946
761,761,ZNF597,0.0139349246377308,0.0070327980430943,0.01689091090696926
762,762,ZNF605,0.0293139144757492,1.4210885027461105e-08,7.692531254693074e-08
763,763,ZNF610,-0.0006940077478423,0.893222140238277,0.9348458419874158
764,764,ZNF611,0.0254655812344112,8.388639478601584e-07,3.6883383104327595e-06
765,765,ZNF613,-0.006847474250194,0.1853746187938653,0.29567429600326695
766,766,ZNF614,0.0064009110654994,0.2157108401025329,0.33885767131418687
767,767,ZNF615,0.0032183192085396,0.5336411943369935,0.663856036667727
768,768,ZNF616,-0.0006438432976519,0.9008989226414372,0.9405113124560732
769,769,ZNF619,-0.0174046532803698,0.0007613073646548,0.002235499717413918
770,770,ZNF620,0.0075666899603111,0.1433317455879594,0.23917405739677566
771,771,ZNF621,-0.0341877976291356,3.735622727460226e-11,2.5445102348520064e-10
772,772,ZNF626,0.0275629194330866,9.71571175840912e-08,4.666911255050855e-07
773,773,ZNF627,0.0009910833417781,0.8479884390364856,0.911691041410983
774,774,ZNF641,-0.0062660230389553,0.2255412533470941,0.3490219395371233
775,775,ZNF649,0.0126715598961435,0.0142496707531105,0.031661701593141245
776,776,ZNF652,0.0276213414275028,9.12855649069796e-08,4.410366537075584e-07
777,777,ZNF653,-0.0046269602012324,0.3708373271681083,0.5078342388160022
778,778,ZNF655,0.014150978019151,0.0061987155909178,0.015105960868189714
779,779,ZNF660,-0.0046531294633129,0.3681375433470562,0.5078342388160022
780,780,ZNF662,-0.005176503749442,0.3167324179340039,0.45934492024983814
781,781,ZNF667,0.0278283149438386,7.312354194381704e-08,3.553547564638126e-07
782,782,ZNF669,-0.0004538276979737,0.930055584534316,0.9589034624665218
783,783,ZNF671,-0.0084514960385945,0.1021256677622112,0.17791704383731133
784,784,ZNF674,-0.0007660074011255,0.8822215056137888,0.928814071393746
785,785,ZNF675,0.0125429213555781,0.0152652534209739,0.033559326965156906
786,786,ZNF677,0.027057306976676,1.6577547038708106e-07,7.696056753724267e-07
787,787,ZNF680,-0.0180368496872322,0.0004852045028765,0.0014661997886922598
788,788,ZNF681,0.019736208527746,0.0001347804440667,0.0004636664368188161
789,789,ZNF682,0.0345277843727901,2.38914833239394e-11,1.6408117886110446e-10
790,790,ZNF684,-0.0049752142995414,0.3359174711216989,0.4771750743626184
791,791,ZNF69,0.0019274980906419,0.7092987094402321,0.8163812015856412
792,792,ZNF691,-0.0033639886344178,0.5152843862271733,0.6527459221871662
793,793,ZNF692,0.0164946460095472,0.0014205162626147,0.003974575805497696
794,794,ZNF695,0.0068130664298833,0.1875934666253189,0.2986401738805364
795,795,ZNF7,0.0320430210936518,5.680918244484078e-10,3.4969207860490876e-09
796,796,ZNF701,0.0123316397676112,0.0170719071668299,0.03723557704891246
797,797,ZNF704,-0.0126997299284177,0.014035397222076,0.03126920936071087
798,798,ZNF707,-0.0203326428555998,8.391082433204827e-05,0.0003044973581656424
799,799,ZNF708,0.05630590127305,1.1681157742826233e-27,1.94140841685772e-26
800,800,ZNF71,-0.0008408069063476,0.8708171280530165,0.9242005535275309
801,801,ZNF713,0.0134818192640616,0.0091168869116528,0.021221661130485927
802,802,ZNF714,0.014792516687952,0.0042206743488392,0.01062842540571326
803,803,ZNF716,0.0026393193153991,0.6097207361596948,0.73113698665037
804,804,ZNF730,-0.0134231275729746,0.0094237435852328,0.02181373515133275
805,805,ZNF736,0.0473765179894904,4.8076379891960177e-20,5.326862892029187e-19
806,806,ZNF737,0.0451622318837152,2.3457054353773264e-18,2.348531586504287e-17
807,807,ZNF74,-0.0009429107342849,0.8552934811248076,0.9135589753402509
808,808,ZNF740,0.0075211050926068,0.145758174942029,0.24225008675365217
809,809,ZNF749,0.009797348093754,0.0580987093830382,0.11124430298918143
810,810,ZNF75A,0.0332064235213914,1.3253687985286907e-10,8.672295051790094e-10
811,811,ZNF75D,0.0032899313157906,0.524575724840252,0.6563245511479868
812,812,ZNF76,-0.0085174477824134,0.0994776962914705,0.1744007713464388
813,813,ZNF764,-0.0116245678065363,0.0245516011469428,0.05191445433361187
814,814,ZNF765,-0.0057990016602,0.2620345005105378,0.39495073175220463
815,815,ZNF766,0.046832836657863,1.2700383233077425e-19,1.3359517046439672e-18
816,816,ZNF768,-0.0154941597954286,0.0027273282386746,0.0072409257710498165
817,817,ZNF77,-0.0056917947529,0.270957594564138,0.406436391846207
818,818,ZNF770,-0.001179629339464,0.8195277576940887,0.8937369640994589
819,819,ZNF771,-0.0033106547838888,0.521967108223703,0.6552185301116271
820,820,ZNF774,-0.0023938587480976,0.6433662818325528,0.7572767424969566
821,821,ZNF776,0.0070413948947317,0.1732312210613938,0.27898283856980277
822,822,ZNF777,0.0192836325894914,0.0001914814729768,0.0006289371701332837
823,823,ZNF778,0.0037862265800576,0.463987059148808,0.6005813803000926
824,824,ZNF780A,-0.0093174379987879,0.0715255006795019,0.13237793110170618
825,825,ZNF782,0.0153878014127275,0.0029171721807338,0.007720286885954737
826,826,ZNF783,0.0020876372013998,0.6863813155699149,0.7966241246349152
827,827,ZNF784,-0.0050684579709782,0.3269391926143006,0.4700457942257505
828,828,ZNF785,0.0164300398416651,0.0014831953550231,0.004136024630953678
829,829,ZNF786,-0.0115598694933018,0.0253602089517192,0.05342801457028896
830,830,ZNF787,-0.0235362237128675,5.294263204747097e-06,2.1779864966063553e-05
831,831,ZNF789,0.023593681790655,5.02135292889606e-06,2.075992181051058e-05
832,832,ZNF79,0.00502114198671,0.3314755170447342,0.47303860807431436
833,833,ZNF790,0.0290543043151505,1.903120925165648e-08,1.0009452460839579e-07
834,834,ZNF791,0.0472248471484406,6.311111537375468e-20,6.8110827111156035e-19
835,835,ZNF792,0.0148272888285905,0.0041319785219376,0.010468370341281213
836,836,ZNF793,0.0290656831785135,1.8790099215609732e-08,9.945587546606169e-08
837,837,ZNF799,0.001800863962372,0.7276106014870788,0.8305555080161572
838,838,ZNF8,0.0157066364214654,0.0023814537851445,0.006383832565984128
839,839,ZNF805,0.0281139951292107,5.369847392783671e-08,2.6720617864690005e-07
840,840,ZNF808,0.0164216336784546,0.001491535545283,0.004145371364983857
841,841,ZNF81,-0.0035648387990074,0.4905223085038662,0.6290494419239395
842,842,ZNF816,-0.0014446271106114,0.7799334636690576,0.8659380428536532
843,843,ZNF821,-0.0323037504297221,4.1175486094945004e-10,2.5726939056315264e-09
844,844,ZNF823,-3.672515091302929e-05,0.9943326590659336,0.9955974098850172
845,845,ZNF84,-0.0217375406774099,2.613610028095517e-05,0.00010196760250457158
846,846,ZNF846,-0.0199553146999869,0.0001134123432379,0.00039599015643149117
847,847,ZNF85,-0.0219819408926409,2.1182728067383463e-05,8.303229728299839e-05
848,848,ZNF860,-0.0012643039588776,0.8068208649244386,0.8856910683648724
849,849,ZNF879,0.006227895150484,0.2283770537534391,0.35275340458941995
850,850,ZNF880,-0.0013749447425102,0.7902943185228838,0.8710007674967062
851,851,ZNF891,0.0531688392639306,7.763117103425768e-25,1.1122672953356576e-23
852,852,ZNF90,-0.0045201941653115,0.3819788229094114,0.5195162059537166
853,853,ZNF93,0.0095776158006159,0.0639610969245056,0.12107442265208236
854,854,ZNF98,,,
855,855,ZSCAN16,-0.0024673374987223,0.6332133524380481,0.749322426540373
856,856,ZSCAN22,0.0034591496227405,0.503472020773453,0.6407124797285443
857,857,ZSCAN23,0.003839630034451,0.4577079636955419,0.5952352391721366
858,858,ZSCAN26,-0.0151125786511312,0.0034657236255378,0.00900045590418673
859,859,ZSCAN29,0.0111968050345901,0.0303383997117812,0.06255883414513691
860,860,ZSCAN30,-0.0381333065807311,1.606207239358196e-13,1.308586486183001e-12
861,861,ZSCAN31,-0.0007711619035331,0.881434807834376,0.928814071393746
862,862,ZSCAN9,-0.0071130406501556,0.1688984526952413,0.2730634517310224
