"TF","mlog10p","Enrichment","celltype","TF_prefix","mlog10padj"
"CEBPA_155",73.1875,1.81573755982564,"C4","CEBPA",70.2479807473814
"CEBPB_140",62.8909,1.87172534267026,"C4","CEBPB",60.2524107430454
"CEBPD_152",52.7668,1.72686645684935,"C4","CEBPD",50.304402002101
"JUN_143",46.8049,1.63484845700428,"C4","JUN",44.4674407387093
"JUNB_139",41.8427,1.59392462183923,"C4","JUNB",39.6021507517174
"FOS_137",39.643,1.56487081513236,"C4","FOS",37.481631997765
"FOSL2_105",38.8102,1.58014585805874,"C4","FOSL2",36.7157787873956
"JUND_124",38.5191,1.55720710669456,"C4","JUND",36.4826707343733
"FOSL1_142",38.2492,1.5622962222261,"C4","FOSL1",36.2639232568207
"BACH1_130",36.6919,1.59719226000784,"C4","BACH1",34.7523807473814
"SMARCC1_651",35.1103,1.52389870040669,"C4","SMARCC1",33.2121734325396
"JDP2_125",31.8609,1.62694629641954,"C4","JDP2",30.000561993429
"CEBPG_128",30.3702,1.83123415783239,"C4","CEBPG",28.5446240996882
"CEBPE_107",29.2804,1.80054418808047,"C4","CEBPE",27.4870087830596
"ATF4_122",25.8828,1.68050113348046,"C4","ATF4",24.1193720064371
"BACH2_113",22.5313,1.51132780648427,"C4","BACH2",20.7959007300373
"FOSB_121",21.8724,1.4478521181953,"C4","FOSB",20.1633296687597
"HLF_112",19.9568,1.73640677331228,"C4","HLF",18.2725532524847
"NFE2_119",13.1445,1.33214381676727,"C4","NFE2",11.4837343483342
"MYPOP_652",12.7168,1.69451051138713,"C4","MYPOP",11.0783107430454
"BATF_129",12.4462,1.36444889847867,"C4","BATF",10.8289000421153
"NFE2L2_115",10.7476,1.28787300565969,"C4","NFE2L2",9.15050342820359
"TEF_134",10.3409,1.45674890354315,"C4","TEF",8.76310858339897
"HOXD8_537",10.02,1.29698300072561,"C4","HOXD8",8.46069198909299
"DBP_110",9.8475,1.59312311520359,"C4","DBP",8.30592075605342
"ARID3A_6",8.2997,1.13580859345006,"C4","ARID3A",6.78004451154037
"NFIL3_133",8.2882,1.46006804518666,"C4","NFIL3",6.78004451154037
"RUNX1_733",8.2436,1.12034018887118,"C4","RUNX1",6.7512387787236
"AC0021266_638",7.3686,1.22804847674105,"C4","AC0021266",5.90620200210104
"MEF2B_643",7.3686,1.22804847674105,"C4","MEF2B",5.90620200210104
"FUBP1_809",7.0427,1.15169531096695,"C4","FUBP1",5.59454244121565
"HMGA1_12",6.9592,1.18506633448087,"C4","HMGA1",5.52483072570129
"MEF2C_640",6.8359,1.15260891311348,"C4","MEF2C",5.41489468725927
"MEF2A_639",6.2196,1.18329911422215,"C4","MEF2A",4.81155966442364
"ZBTB3_269",5.7594,1.14763151156146,"C4","ZBTB3",4.36394879173166
"SOX18_772",5.4846,1.26506434804651,"C4","SOX18",4.10138324814867
"RUNX3_731",5.4674,1.28757333119485,"C4","RUNX3",4.09608247144838
"POU4F1_616",5.0417,1.19764221051209,"C4","POU4F1",3.68196434399819
"PITX2_504",4.9715,1.16818826755969,"C4","PITX2",3.62304535440788
"EVX2_534",4.8195,1.44798527165361,"C4","EVX2",3.48204073870934
"IRF4_632",4.7537,1.14683036895233,"C4","IRF4",3.42696460410112
"TBPL2_794",4.7073,1.20287822971612,"C4","TBPL2",3.39103003777928
"DDIT3_141",4.657,1.23455044385868,"C4","DDIT3",3.35329326115672
"IRX1_526",4.6396,1.21904641031305,"C4","IRX1",3.35329326115672
"IRX3_542",4.6396,1.21904641031305,"C4","IRX3",3.35329326115672
"MEF2D_642",4.5758,1.15787178112312,"C4","MEF2D",3.29903857906296
"HHEX_491",4.4202,1.3271589642691,"C4","HHEX",3.1527786053171
"POU1F1_610",4.3414,1.20666153385656,"C4","POU1F1",3.0920768274099
"CBFB_801",4.3461,1.17044175760212,"C4","CBFB",3.0920768274099
"SOX10_751",4.208,1.21209955635778,"C4","SOX10",2.9674507517174
"HOXA2_414",4.095,1.30185040721954,"C4","HOXA2",2.88787450720435
"IRX4_434",4.1028,1.24548318865431,"C4","IRX4",2.88787450720435
"IRX6_495",4.1028,1.24548318865431,"C4","IRX6",2.88787450720435
"POU4F3_611",4.1091,1.17687074792669,"C4","POU4F3",2.88787450720435
"MAFK_149",4.0655,1.17687781626192,"C4","MAFK",2.86634343687563
"POU4F2_615",3.9979,1.17000431334643,"C4","POU4F2",2.80656877438758
"ZNF32_237",3.9441,1.23764161591088,"C4","ZNF32",2.76800874094432
"HOXC8_399",3.9505,1.26589657247124,"C4","HOXC8",2.76800874094432
"FOXD2_374",3.8879,1.15786129935707,"C4","FOXD2",2.71923275902353
"HOXB6_427",3.8619,1.23955882869817,"C4","HOXB6",2.70053199776503
"NKX31_517",3.8412,1.20901836196283,"C4","NKX31",2.68701058239215
"FOXB1_367",3.8016,1.1557648033578,"C4","FOXB1",2.65447243687964
"HOXD4_523",3.669,1.21802771884579,"C4","HOXD4",2.52882129683496
"SOX17_764",3.6321,1.19518350853667,"C4","SOX17",2.49876072136527
"BARX1_468",3.6123,1.17924339981219,"C4","BARX1",2.48569410402424
"ZFHX3_483",3.5255,1.28737151719309,"C4","ZFHX3",2.40552468292325
"ZNF333_217",3.4373,1.29663973712797,"C4","ZNF333",2.32398966008762
"HOXD9_462",3.431,1.16314155369683,"C4","HOXD9",2.32398966008762
"MAFF_147",3.3496,1.16722864555819,"C4","MAFF",2.24927878739564
"HOXB5_445",3.3437,1.21170402525068,"C4","HOXB5",2.24927878739564
"FOXM1_352",3.3082,1.11261305232436,"C4","FOXM1",2.21993909610046
"FOXF1_351",3.2585,1.13814389722674,"C4","FOXF1",2.18534201077308
"MNX1_466",3.2498,1.18535180806478,"C4","MNX1",2.18534201077308
"IRX5_539",3.2504,1.22871330019543,"C4","IRX5",2.18534201077308
"TOPORS_814",3.2617,1.12292076955031,"C4","TOPORS",2.18534201077308
"FOXE1_371",3.1919,1.10183654148578,"C4","FOXE1",2.13319433966217
"BCL6_187",3.1672,1.14708085915577,"C4","BCL6",2.11870783867182
"FOXA1_357",3.1658,1.14829350631179,"C4","FOXA1",2.11870783867182
"SOX15_757",3.1606,1.18913018342956,"C4","SOX15",2.11870783867182
"HOXC6_561",3.1277,1.11955059574487,"C4","HOXC6",2.09127073437333
"ONECUT1_295",3.097,1.18206621348402,"C4","ONECUT1",2.06596576626003
"NKX25_550",3.0859,1.14541611839383,"C4","NKX25",2.0601945997651
"HOXB13_494",3.0667,1.18669291389089,"C4","HOXB13",2.04625883975746
"POU5F1_621",3.0312,1.14303053134548,"C4","POU5F1",2.01596003344326
"POU3F2_617",3.0057,1.19297156505834,"C4","POU3F2",1.99559967309567
"FOXI1_365",2.9819,1.1097049412615,"C4","FOXI1",1.97687919862495
"ZNF35_239",2.9478,1.10497593059566,"C4","ZNF35",1.9478
"DLX5_412",2.928,1.22478829103667,"C4","DLX5",1.93296341953155
"EVX1_419",2.9096,1.32618755892195,"C4","EVX1",1.91947075402629
"IRX2_527",2.8609,1.22696259480472,"C4","IRX2",1.87562325682071
"TBX19_787",2.787,1.27977767296257,"C4","TBX19",1.80652213970248
"FEZF1_204",2.7512,1.14867551049046,"C4","FEZF1",1.78640435267023
"FEZF2_214",2.7512,1.14867551049046,"C4","FEZF2",1.78640435267023
"VAX2_439",2.7482,1.2340644247418,"C4","VAX2",1.78640435267023
"VAX1_489",2.7482,1.2340644247418,"C4","VAX1",1.78640435267023
"ZNF713_257",2.7367,1.14539318139312,"C4","ZNF713",1.78395248164763
"GATA6_387",2.7383,1.21948925291772,"C4","GATA6",1.78395248164763
"HOXB2_532",2.7284,1.23063086308996,"C4","HOXB2",1.78161594197893
"SOX2_769",2.7255,1.17358782384957,"C4","SOX2",1.78161594197893
"HLX_478",2.6989,1.17562567557198,"C4","HLX",1.75938074738138
"NFE2L1_106",2.6738,1.18038881262639,"C4","NFE2L1",1.7428809191433
"NFE2L3_845",2.6738,1.18038881262639,"C4","NFE2L3",1.7428809191433
"BPTF_812",2.6668,1.11284503802434,"C4","BPTF",1.74011797208655
"ARID5A_9",2.6062,1.14260374394722,"C4","ARID5A",1.68371408668016
"VSX1_408",2.5806,1.24559148918592,"C4","VSX1",1.66570450286833
"NKX61_502",2.5718,1.11435417625273,"C4","NKX61",1.66570450286833
"HMG20B_748",2.5743,1.11953435626906,"C4","HMG20B",1.66570450286833
"SOX14_765",2.5759,1.18835185900958,"C4","SOX14",1.66570450286833
"SOX1_770",2.545,1.13831591145361,"C4","SOX1",1.64290724532201
"SOX21_755",2.5372,1.16058079407827,"C4","SOX21",1.63907343253961
"LHX4_450",2.5281,1.20636799992743,"C4","LHX4",1.63779877005156
"CDC5L_646",2.5295,1.18119241602404,"C4","CDC5L",1.63779877005156
"LMX1B_479",2.5039,1.16687944640788,"C4","LMX1B",1.6265387366083
"AC0125311_531",2.5059,1.1596470838801,"C4","AC0125311",1.6265387366083
"HOXC10_548",2.5016,1.12975190717111,"C4","HOXC10",1.6265387366083
"HOXA4_863",2.5059,1.1596470838801,"C4","HOXA4",1.6265387366083
"ONECUT3_296",2.4588,1.13166955572149,"C4","ONECUT3",1.58746660912754
"FOXC2_370",2.4299,1.16214216390383,"C4","FOXC2",1.56226275468751
"FOXB2_380",2.4196,1.12886971600263,"C4","FOXB2",1.55562770877391
"HNF1A_473",2.4095,1.14382901469205,"C4","HNF1A",1.54916199342901
"FOXD3_377",2.384,1.091994316261,"C4","FOXD3",1.52726611769783
"OTP_530",2.3691,1.22702973366079,"C4","OTP",1.51594057805613
"EOMES_788",2.3347,1.15843661255256,"C4","EOMES",1.48508585882078
"RUNX2_732",2.3201,1.09456752964376,"C4","RUNX2",1.47749076038944
"ENSG00000250096_734",2.3201,1.09456752964376,"C4","ENSG00000250096",1.47749076038944
"HOXB7_446",2.3029,1.15956258675629,"C4","HOXB7",1.46375129249894
"UNCX_507",2.2873,1.14301336654708,"C4","UNCX",1.45158446833734
"HOXB3_447",2.2831,1.1915561750659,"C4","HOXB3",1.45079071702925
"CREB5_127",2.2602,1.21196575255558,"C4","CREB5",1.43913238834847
"MAFG_148",2.2601,1.1844781042842,"C4","MAFG",1.43913238834847
"DMRT1_305",2.2611,1.17341787063667,"C4","DMRT1",1.43913238834847
"BRCA1_319",2.2576,1.15711219034654,"C4","BRCA1",1.43913238834847
"NFATC2_716",2.2548,1.11566310078666,"C4","NFATC2",1.43913238834847
"EMX2_525",2.2124,1.25386084578458,"C4","EMX2",1.39998554574619
"VSX2_442",2.1975,1.22079702962497,"C4","VSX2",1.38831451587639
"TBX2_783",2.1906,1.17948048131598,"C4","TBX2",1.3846196557516
"CPEB1_815",2.1764,1.08432189117937,"C4","CPEB1",1.37360131453779
"NAIF1_637",2.1724,1.36006462654279,"C4","NAIF1",1.37275983378262
"GATA3_384",2.1648,1.16118961485311,"C4","GATA3",1.36829554763548
"SOX7_766",2.1597,1.13982683161131,"C4","SOX7",1.36630878305962
"T_789",2.154,1.16886811850656,"C4","T",1.36369986003676
"TBX5_781",2.1448,1.14153727223915,"C4","TBX5",1.36061678484644
"TBX4_784",2.1448,1.14153727223915,"C4","TBX4",1.36061678484644
"DLX6_397",2.0956,1.21083803757917,"C4","DLX6",1.32295769467455
"PDX1_482",2.0996,1.17963485918521,"C4","PDX1",1.32295769467455
"AL7735441_836",2.0835,1.10374315518952,"C4","AL7735441",1.32295769467455
"CR3882292_837",2.0835,1.10374315518952,"C4","CR3882292",1.32295769467455
"AL6628334_838",2.0835,1.10374315518952,"C4","AL6628334",1.32295769467455
"CR7598154_839",2.0835,1.10374315518952,"C4","CR7598154",1.32295769467455
"BX0885802_840",2.0835,1.10374315518952,"C4","BX0885802",1.32295769467455
"CR8477943_864",2.0835,1.10374315518952,"C4","CR8477943",1.32295769467455
"LBX1_481",2.0757,1.19095815985784,"C4","LBX1",1.31802433532615
"MEOX2_421",2.0675,1.16420671685436,"C4","MEOX2",1.31267217819898
"ARID5B_7",2.0592,1.16288597496458,"C4","ARID5B",1.31001244555167
"DMRT3_304",2.0597,1.17308057359186,"C4","DMRT3",1.31001244555167
"TCF21_39",2.0536,1.16062228784996,"C4","TCF21",1.30998039979061
"ENSG00000187728_92",2.0536,1.16062228784996,"C4","ENSG00000187728",1.30998039979061
"LHX3_424",2.0448,1.11906055284636,"C4","LHX3",1.30427787170183
"NFIC_740",2.0424,1.06158646196245,"C4","NFIC",1.30427787170183
"HOXB8_444",2.0163,1.15432305099198,"C4","HOXB8",1.28629576192401
"SOX3_759",2.019,1.13279188863973,"C4","SOX3",1.28629576192401
"SOX13_761",2.0177,1.15040257267792,"C4","SOX13",1.28629576192401
"DLX1_487",1.9864,1.19472649911305,"C4","DLX1",1.25906835178534
"NRL_123",1.9769,1.13102653327694,"C4","NRL",1.25222459542908
"ARID3C_10",1.9671,1.09437307094358,"C4","ARID3C",1.24969721852896
"FOXQ1_363",1.9668,1.10155298394711,"C4","FOXQ1",1.24969721852896
"POU2F1_614",1.9665,1.11061258030407,"C4","POU2F1",1.24969721852896
"TBR1_786",1.9613,1.1362184945868,"C4","TBR1",1.24709002910724
"NEUROG3_43",1.947,1.23257070190465,"C4","NEUROG3",1.23536745199506
"DMRTA2_306",1.9289,1.14501644503703,"C4","DMRTA2",1.22237685777354
"TBX1_792",1.9299,1.09659557179117,"C4","TBX1",1.22237685777354
"ZNF354C_256",1.9182,1.06808826370251,"C4","ZNF354C",1.21571879606768
"POU6F1_551",1.9168,1.12255171759209,"C4","POU6F1",1.21571879606768
"SOX5_758",1.9122,1.14650846199818,"C4","SOX5",1.21571879606768
"SOX6_868",1.9122,1.14650846199818,"C4","SOX6",1.21571879606768
"NFATC4_715",1.9089,1.09224910183251,"C4","NFATC4",1.21489341519553
"FOXA2_355",1.8855,1.08843665398772,"C4","FOXA2",1.20603183711181
"VTN_430",1.8836,1.15598253142513,"C4","VTN",1.20603183711181
"CDX1_435",1.8888,1.10943785939407,"C4","CDX1",1.20603183711181
"EMX1_474",1.8831,1.22391953812861,"C4","EMX1",1.20603183711181
"VENTX_490",1.8924,1.15243266409438,"C4","VENTX",1.20603183711181
"POU3F3_620",1.8924,1.09780191247761,"C4","POU3F3",1.20603183711181
"SOX12_768",1.8965,1.11718181506117,"C4","SOX12",1.20603183711181
"MECOM_169",1.8778,1.13350558741444,"C4","MECOM",1.20309857039092
"FOXJ2_350",1.8749,1.07819835741733,"C4","FOXJ2",1.2025524757844
"HOXC9_547",1.8605,1.13301195713899,"C4","HOXC9",1.19282235391788
"NFATC3_713",1.8627,1.10534851101919,"C4","NFATC3",1.19282235391788
"DUXA_564",1.8555,1.13589804416942,"C4","DUXA",1.19013859664506
"HOXA13_418",1.8477,1.11235005271823,"C4","HOXA13",1.18464255155463
"LHX2_422",1.8408,1.19136851670506,"C4","LHX2",1.18003434833421
"FOXI2_375",1.7935,1.07933171016459,"C4","FOXI2",1.13698197608493
"NKX62_862",1.7932,1.1254357741425,"C4","NKX62",1.13698197608493
"TAL1_62",1.7881,1.12012469013963,"C4","TAL1",1.13638247731161
"TAL2_822",1.7881,1.12012469013963,"C4","TAL2",1.13638247731161
"ONECUT2_293",1.7854,1.12710281722409,"C4","ONECUT2",1.1359153587439
"GATA5_385",1.7808,1.14493581264744,"C4","GATA5",1.13574697354297
"HOXD3_461",1.7812,1.16614985169719,"C4","HOXD3",1.13574697354297
"HDX_511",1.7688,1.10180466284981,"C4","HDX",1.12594593764291
"FOXS1_372",1.7109,1.08820242262641,"C4","FOXS1",1.08966873227228
"PHOX2B_431",1.6834,1.12216027079323,"C4","PHOX2B",1.08966873227228
"HOXD13_465",1.682,1.10019586218887,"C4","HOXD13",1.08966873227228
"ENSG00000215754_570",1.6649,1.11495602098467,"C4","ENSG00000215754",1.08966873227228
"ENSG00000217642_571",1.6649,1.11495602098467,"C4","ENSG00000217642",1.08966873227228
"ENSG00000224558_572",1.6649,1.11495602098467,"C4","ENSG00000224558",1.08966873227228
"ENSG00000225958_574",1.6649,1.11495602098467,"C4","ENSG00000225958",1.08966873227228
"ENSG00000226866_576",1.6649,1.11495602098467,"C4","ENSG00000226866",1.08966873227228
"DUX4L5_578",1.6649,1.11495602098467,"C4","DUX4L5",1.08966873227228
"ENSG00000227522_579",1.6649,1.11495602098467,"C4","ENSG00000227522",1.08966873227228
"DUX4L2_580",1.6649,1.11495602098467,"C4","DUX4L2",1.08966873227228
"DUX4L3_581",1.6649,1.11495602098467,"C4","DUX4L3",1.08966873227228
"DUX4L6_582",1.6649,1.11495602098467,"C4","DUX4L6",1.08966873227228
"ENSG00000228710_583",1.6649,1.11495602098467,"C4","ENSG00000228710",1.08966873227228
"CT4768282_585",1.6649,1.11495602098467,"C4","CT4768282",1.08966873227228
"ENSG00000230380_586",1.6649,1.11495602098467,"C4","ENSG00000230380",1.08966873227228
"ENSG00000230776_587",1.6649,1.11495602098467,"C4","ENSG00000230776",1.08966873227228
"AL5921702_588",1.6649,1.11495602098467,"C4","AL5921702",1.08966873227228
"ENSG00000232923_590",1.6649,1.11495602098467,"C4","ENSG00000232923",1.08966873227228
"ENSG00000233294_591",1.6649,1.11495602098467,"C4","ENSG00000233294",1.08966873227228
"ENSG00000233361_592",1.6649,1.11495602098467,"C4","ENSG00000233361",1.08966873227228
"ENSG00000233698_593",1.6649,1.11495602098467,"C4","ENSG00000233698",1.08966873227228
"ENSG00000233794_594",1.6649,1.11495602098467,"C4","ENSG00000233794",1.08966873227228
"ENSG00000234550_596",1.6649,1.11495602098467,"C4","ENSG00000234550",1.08966873227228
"ENSG00000236207_598",1.6649,1.11495602098467,"C4","ENSG00000236207",1.08966873227228
"ENSG00000237516_601",1.6649,1.11495602098467,"C4","ENSG00000237516",1.08966873227228
"ENSG00000250589_602",1.6649,1.11495602098467,"C4","ENSG00000250589",1.08966873227228
"DUX4_603",1.6649,1.11495602098467,"C4","DUX4",1.08966873227228
"PAX2_606",1.6837,1.22031241760061,"C4","PAX2",1.08966873227228
"NR2E3_657",1.6637,1.07080174582534,"C4","NR2E3",1.08966873227228
"SOX4_754",1.6715,1.10625665705481,"C4","SOX4",1.08966873227228
"TBX10_791",1.7134,1.10574589941696,"C4","TBX10",1.08966873227228
"DUX1_859",1.6649,1.11495602098467,"C4","DUX1",1.08966873227228
"DUX3_860",1.6649,1.11495602098467,"C4","DUX3",1.08966873227228
"FOXL1_369",1.6593,1.11712110330754,"C4","FOXL1",1.0871366684074
"DMRT2_307",1.6543,1.10283550989563,"C4","DMRT2",1.08399660479152
"PHOX2A_512",1.6394,1.11509146958882,"C4","PHOX2A",1.07094860965312
"EN2_506",1.633,1.15612825140917,"C4","EN2",1.06639275035149
"HOXC13_452",1.6251,1.08930404141385,"C4","HOXC13",1.06032909339149
"OLIG2_100",1.618,1.19904809065797,"C4","OLIG2",1.05505770443789
"ATF2_114",1.6139,1.37924941724466,"C4","ATF2",1.05277864832952
"LHX5_406",1.594,1.11774323312475,"C4","LHX5",1.03649778995625
"LHX1_469",1.594,1.11774323312475,"C4","LHX1",1.03649778995625
"NKX22_458",1.5857,1.11206213366565,"C4","NKX22",1.03137057372011
"NEUROD4_820",1.5835,1.19073947994141,"C4","NEUROD4",1.03137057372011
"NEUROD6_821",1.5835,1.19073947994141,"C4","NEUROD6",1.03137057372011
"RARB_659",1.5797,1.09048237535542,"C4","RARB",1.02934683174591
"HOXA1_413",1.5642,1.16807201885701,"C4","HOXA1",1.01561585448476
"OLIG3_79",1.5453,1.17782805039616,"C4","OLIG3",0.998480094477118
"FOXJ3_378",1.5435,1.07924728282994,"C4","FOXJ3",0.998480094477118
"HOXA11_395",1.5418,1.15574380178593,"C4","HOXA11",0.998480094477118
"TBX21_780",1.5392,1.19702750963416,"C4","TBX21",0.997620756053419
"DLX3_403",1.5298,1.16416816459231,"C4","DLX3",0.995921254719662
"DLX4_429",1.5298,1.16416816459231,"C4","DLX4",0.995921254719662
"DLX2_438",1.5298,1.16416816459231,"C4","DLX2",0.995921254719662
"PBX2_563",1.5188,1.10954816341667,"C4","PBX2",0.995921254719662
"AL8454643_566",1.5188,1.10954816341667,"C4","AL8454643",0.995921254719662
"BX2846861_573",1.5188,1.10954816341667,"C4","BX2846861",0.995921254719662
"CR8124782_575",1.5188,1.10954816341667,"C4","CR8124782",0.995921254719662
"BX9272396_589",1.5188,1.10954816341667,"C4","BX9272396",0.995921254719662
"CR9338788_599",1.5188,1.10954816341667,"C4","CR9338788",0.995921254719662
"AL6628305_600",1.5188,1.10954816341667,"C4","AL6628305",0.995921254719662
"HSF1_627",1.5222,1.11247719324305,"C4","HSF1",0.995921254719662
"GRHL1_391",1.5105,1.22078530753529,"C4","GRHL1",0.990936495871139
"ISL2_496",1.5108,1.1449347237475,"C4","ISL2",0.990936495871139
"PKNOX1_497",1.4873,1.10413781692497,"C4","PKNOX1",0.969384674251213
"MEOX1_396",1.485,1.15422596946359,"C4","MEOX1",0.968726621318189
"TBP_793",1.4743,1.10853622809154,"C4","TBP",0.959662384012448
"NOTO_567",1.4677,1.1662923375545,"C4","NOTO",0.954692008745957
"LMX1A_499",1.4645,1.13766584494883,"C4","LMX1A",0.95311554141017
"BHLHE22_86",1.4394,1.16079168095787,"C4","BHLHE22",0.931244511540369
"HOXD12_524",1.4407,1.08760825384001,"C4","HOXD12",0.931244511540369
"LCOR_711",1.4375,1.09833651287326,"C4","LCOR",0.930950038255787
"HOXC12_454",1.4299,1.08450753527652,"C4","HOXC12",0.92494965141558
"HOXA5_416",1.4252,1.11346694004136,"C4","HOXA5",0.921843394422138
"HNF1B_428",1.4176,1.11919127445027,"C4","HNF1B",0.915831310201769
"CDX4_467",1.4156,1.10929618427283,"C4","CDX4",0.915413441211644
"MEIS1_486",1.4132,1.09590237704868,"C4","MEIS1",0.914589829446599
"TCF23_64",1.4025,1.16777573370196,"C4","TCF23",0.90546051644583
"HMGA2_13",1.3754,1.12574428175602,"C4","HMGA2",0.880638778723601
"CIC_749",1.373,1.0921048664979,"C4","CIC",0.880638778723601
"HLTF_802",1.3732,1.081303625331,"C4","HLTF",0.880638778723601
"ZEB1_157",1.3607,1.0740779159659,"C4","ZEB1",0.871329855700743
"HOXA7_451",1.3606,1.16238379024604,"C4","HOXA7",0.871329855700743
"NEUROG2_81",1.3497,1.15091217189478,"C4","NEUROG2",0.861967182905672
"GFI1_220",1.3411,1.08714219952447,"C4","GFI1",0.854899087428419
"ENSG00000229544_584",1.3374,1.16486695140689,"C4","ENSG00000229544",0.854246780510424
"HBP1_752",1.3376,1.13053131595361,"C4","HBP1",0.854246780510424
"PRDM16_211",1.3224,1.08803407611151,"C4","PRDM16",0.840762644115374
"MGA_103",1.3199,1.09074226234182,"C4","MGA",0.839773235140612
"ARX_394",1.3102,1.09559158274477,"C4","ARX",0.831578745280337
"AIRE_736",1.3087,1.09783031667756,"C4","AIRE",0.831578745280337
"MYF6_30",1.2754,1.10225775037333,"C4","MYF6",0.803728077793539
"HOXD10_463",1.2773,1.06961314896914,"C4","HOXD10",0.803728077793539
"PKNOX2_513",1.2749,1.08773120514725,"C4","PKNOX2",0.803728077793539
"POU6F2_612",1.2761,1.10974826227392,"C4","POU6F2",0.803728077793539
"TGIF1_541",1.2661,1.09016032856221,"C4","TGIF1",0.796402763359545
"SOX9_756",1.2477,1.09251197283603,"C4","SOX9",0.77947245844032
"STAT5A_774",1.2432,1.09377333733206,"C4","STAT5A",0.776437196698594
"ATOH7_84",1.2385,1.14124953951429,"C4","ATOH7",0.776323375883686
"NEUROG1_87",1.2355,1.15140698668883,"C4","NEUROG1",0.776323375883686
"FOXH1_362",1.2346,1.09369296784958,"C4","FOXH1",0.776323375883686
"TGIF2_441",1.2344,1.10434805919653,"C4","TGIF2",0.776323375883686
"NKX63_509",1.2398,1.10335061951133,"C4","NKX63",0.776323375883686
"LEF1_760",1.2402,1.0740458867645,"C4","LEF1",0.776323375883686
"BCL6B_218",1.2311,1.08781024923358,"C4","BCL6B",0.774454330990135
"DRGX_516",1.2287,1.09100796180001,"C4","DRGX",0.773480586728167
"FOXP3_348",1.2081,1.08905892456766,"C4","FOXP3",0.768267829999785
"FOXP1_353",1.2093,1.09064588861055,"C4","FOXP1",0.768267829999785
"FOXP4_358",1.2093,1.09064588861055,"C4","FOXP4",0.768267829999785
"FOXO1_361",1.2093,1.09064588861055,"C4","FOXO1",0.768267829999785
"FOXG1_368",1.2093,1.09064588861055,"C4","FOXG1",0.768267829999785
"POU2F2_609",1.2146,1.07620169487079,"C4","POU2F2",0.768267829999785
"FOXD4L3_832",1.2081,1.08905892456766,"C4","FOXD4L3",0.768267829999785
"FOXD4L5_833",1.2081,1.08905892456766,"C4","FOXD4L5",0.768267829999785
"FOXD4L6_834",1.2081,1.08905892456766,"C4","FOXD4L6",0.768267829999785
"FOXD4L4_856",1.2081,1.08905892456766,"C4","FOXD4L4",0.768267829999785
"FOXD4L2_857",1.2081,1.08905892456766,"C4","FOXD4L2",0.768267829999785
"DBX2_554",1.205,1.11316498708291,"C4","DBX2",0.766540009599133
"HSF2_623",1.2027,1.08588248423494,"C4","HSF2",0.765607867365814
"SOX11_767",1.2002,1.08615492971315,"C4","SOX11",0.764471430438563
"TWIST2_101",1.17,1.10700484990675,"C4","TWIST2",0.739183269712484
"IKZF4_197",1.1695,1.09974204121637,"C4","IKZF4",0.739183269712484
"IKZF1_270",1.1695,1.09974204121637,"C4","IKZF1",0.739183269712484
"ZFHX2_477",1.1722,1.14124424359446,"C4","ZFHX2",0.739183269712484
"STAT3_777",1.1664,1.06606984966527,"C4","STAT3",0.737425757587994
"FOXO3_354",1.1594,1.09730980763489,"C4","FOXO3",0.737076645331356
"FOXE3_376",1.1594,1.09730980763489,"C4","FOXE3",0.737076645331356
"FOXD1_382",1.1594,1.09730980763489,"C4","FOXD1",0.737076645331356
"ALX1_545",1.1618,1.08958531195648,"C4","ALX1",0.737076645331356
"GMEB2_735",1.1622,1.29496929945074,"C4","GMEB2",0.737076645331356
"FOXF2_359",1.1563,1.08599039817794,"C4","FOXF2",0.735294687259269
"AC2261502_577",1.148,1.1050225491409,"C4","AC2261502",0.7283087411571
"FOXN3_829",1.1329,1.07374868966602,"C4","FOXN3",0.717127214192946
"FOXN2_854",1.1329,1.07374868966602,"C4","FOXN2",0.717127214192946
"FOXL2_855",1.1329,1.07374868966602,"C4","FOXL2",0.717127214192946
"ZSCAN16_277",1.1175,1.08707278444352,"C4","ZSCAN16",0.703025554418227
"CDX2_514",1.1106,1.06957284409619,"C4","CDX2",0.697420024771225
"ZNF410_193",1.1002,1.10341870201777,"C4","ZNF410",0.68831064825272
"BARX2_400",1.0978,1.08485758019191,"C4","BARX2",0.687680445584464
"RORA_658",1.097,1.08777550940649,"C4","RORA",0.687680445584464
"GFI1B_228",1.0918,1.07810376089682,"C4","GFI1B",0.683759664423637
"FOXK1_364",1.0846,1.07614588804312,"C4","FOXK1",0.679106853437516
"KIAA0415_381",1.0846,1.07614588804312,"C4","KIAA0415",0.679106853437516
"OVOL1_246",1.0778,1.10299618263635,"C4","OVOL1",0.673899842454656
"HOXA6_417",1.0756,1.0956033637639,"C4","HOXA6",0.673899842454656
"SIX5_540",1.0761,1.07723599011692,"C4","SIX5",0.673899842454656
"NR2E1_665",1.0708,1.05438746737622,"C4","NR2E1",0.670910222172255
"NR1I2_682",1.0701,1.06373333696436,"C4","NR1I2",0.670910222172255
"MIXL1_553",1.0665,1.10277525114816,"C4","MIXL1",0.668559991327962
"FOXA3_366",1.0633,1.05082054994816,"C4","FOXA3",0.666606174340561
"MITF_91",1.0592,1.07095357291493,"C4","MITF",0.663748791731657
"POU3F4_619",1.0524,1.07264147203833,"C4","POU3F4",0.658187863847206
"ISL1_398",1.0484,1.1024738630459,"C4","ISL1",0.655423410859513
"GLI3_182",1.0437,1.06841641647927,"C4","GLI3",0.651955452769204
"NEUROD2_73",1.0419,1.16131923360791,"C4","NEUROD2",0.651384009407169
"LIN54_297",1.0384,1.05871700524522,"C4","LIN54",0.649109100436476
"ZNF232_233",1.0236,1.08175831236613,"C4","ZNF232",0.636748963493575
"SOX30_747",1.0246,1.07343860780252,"C4","SOX30",0.636748963493575
"YBX2_827",1.0181,1.06738895720737,"C4","YBX2",0.633675195959701
"CSDA_828",1.0181,1.06738895720737,"C4","CSDA",0.633675195959701
"HMBOX1_488",1.0091,1.12101871384254,"C4","HMBOX1",0.625883248148669
"MAF_144",1.0043,1.08239640332014,"C4","MAF",0.622287949287039
"BHLHE23_45",0.9949,1.14134252640267,"C4","BHLHE23",0.617673611837856
"ZKSCAN1_181",0.995,1.12585320718241,"C4","ZKSCAN1",0.617673611837856
"TGIF2LX_492",0.9956,1.08585499423509,"C4","TGIF2LX",0.617673611837856
"TGIF2LY_538",0.9956,1.08585499423509,"C4","TGIF2LY",0.617673611837856
"DMRTC2_852",0.9713,1.0830196994746,"C4","DMRTC2",0.595261832775792
"TCF7L2_762",0.9701,1.06374496420566,"C4","TCF7L2",0.595246811633471
"ARID3B_8",0.9554,1.05929552038507,"C4","ARID3B",0.582607113540442
"NR1D1_673",0.9551,1.06414115818659,"C4","NR1D1",0.582607113540442
"STAT1_773",0.9502,1.05524132663928,"C4","STAT1",0.578882471448376
"FOXK2_360",0.9481,1.07380893003114,"C4","FOXK2",0.577954656996428
"AR_689",0.9468,1.11644452631084,"C4","AR",0.577823687263279
"GATA4_386",0.9382,1.07139863252258,"C4","GATA4",0.571352349581862
"ALX4_401",0.938,1.07540021962772,"C4","ALX4",0.571352349581862
"PROP1_535",0.9186,1.06553176135985,"C4","PROP1",0.5531120151091
"TWIST1_42",0.9108,1.05046372790964,"C4","TWIST1",0.546468592309043
"ENO1_803",0.9059,1.05922797803657,"C4","ENO1",0.542722097587174
"ZBTB47_188",0.899,1.07464914309229,"C4","ZBTB47",0.538119957349454
"ZNF652_278",0.899,1.07464914309229,"C4","ZNF652",0.538119957349454
"CUX2_292",0.8941,1.11387589585199,"C4","CUX2",0.534364343998192
"NKX23_443",0.891,1.07904187887829,"C4","NKX23",0.532405723057001
"NR3C2_685",0.885,1.07725595190335,"C4","NR3C2",0.52754411029309
"HES5_98",0.8838,1.08849411857006,"C4","HES5",0.527479521350004
"ESX1_455",0.8814,1.10150795933395,"C4","ESX1",0.526211971748912
"ZNF187_849",0.8796,1.13084308081026,"C4","ZNF187",0.525541476889882
"HMX2_558",0.8697,1.06766751132821,"C4","HMX2",0.516768052053136
"POU2F3_613",0.8564,1.05747094271405,"C4","POU2F3",0.504591712400293
"ID3_38",0.8466,1.04627061412861,"C4","ID3",0.497030348707089
"ID4_75",0.8466,1.04627061412861,"C4","ID4",0.497030348707089
"HOXD1_460",0.8432,1.09262660505214,"C4","HOXD1",0.495857504777248
"TP63_704",0.8434,1.05514786897342,"C4","TP63",0.495857504777248
"ATOH8_71",0.8376,1.04880971174323,"C4","ATOH8",0.491366814401839
"ZNF238_260",0.8338,1.05359417553836,"C4","ZNF238",0.489776969206956
"ZBTB42_261",0.8338,1.05359417553836,"C4","ZBTB42",0.489776969206956
"GSX1_522",0.8255,1.07646530533315,"C4","GSX1",0.482577843007842
"TCF15_46",0.817,1.05342339667405,"C4","TCF15",0.481706800465852
"SCXB_93",0.817,1.05342339667405,"C4","SCXB",0.481706800465852
"SCXA_96",0.817,1.05342339667405,"C4","SCXA",0.481706800465852
"MSX2_449",0.8171,1.09056349902361,"C4","MSX2",0.481706800465852
"LBX2_543",0.817,1.09091403103166,"C4","LBX2",0.481706800465852
"BSX_559",0.8171,1.09056349902361,"C4","BSX",0.481706800465852
"SRY_771",0.8226,1.04230402236293,"C4","SRY",0.481706800465852
"PBX1_555",0.812,1.07580392960796,"C4","PBX1",0.477785793522491
"NANOGP1_835",0.8103,1.08860730588579,"C4","NANOGP1",0.477162112491986
"FOXD4_830",0.8031,1.0546383328217,"C4","FOXD4",0.473175156606602
"FOXD4L1_831",0.8031,1.0546383328217,"C4","FOXD4L1",0.473175156606602
"FOXJ1_853",0.8031,1.0546383328217,"C4","FOXJ1",0.473175156606602
"HOXC11_453",0.7929,1.08435185765372,"C4","HOXC11",0.464040910471262
"POU5F1B_622",0.7846,1.05206125719655,"C4","POU5F1B",0.456804055388723
"BHLHA15_85",0.7788,1.10310532878879,"C4","BHLHA15",0.452064604101117
"TEAD3_795",0.7767,1.05721681977497,"C4","TEAD3",0.451022569257451
"E2F7_316",0.7736,1.07264415448028,"C4","E2F7",0.448977963414516
"ALX3_493",0.7725,1.08546341291729,"C4","ALX3",0.448930799037783
"NR1I3_680",0.7667,1.04864966436847,"C4","NR1I3",0.44418108850228
"FOXC1_349",0.7637,1.04945122608116,"C4","FOXC1",0.443816802355139
"BARHL2_484",0.7632,1.10647745816737,"C4","BARHL2",0.443816802355139
"ZHX1_510",0.7649,1.15310894420063,"C4","ZHX1",0.443816802355139
"NR1D2_841",0.7521,1.06292849268488,"C4","NR1D2",0.433757029156417
"HOMEZ_568",0.7471,1.08251043741284,"C4","HOMEZ",0.430830037779282
"NR6A1_683",0.7478,1.04582753051307,"C4","NR6A1",0.430830037779282
"PAX6_604",0.7443,1.0801815261801,"C4","PAX6",0.429993198343055
"RORC_681",0.7442,1.056962141042,"C4","RORC",0.429993198343055
"CUX1_294",0.7426,1.12404258749789,"C4","CUX1",0.429421114756424
"OLIG1_90",0.74,1.10042926469468,"C4","OLIG1",0.427846603974114
"KLF9_192",0.7357,1.18356891434612,"C4","KLF9",0.424569677431693
"HOXA9_405",0.7298,1.07445615457371,"C4","HOXA9",0.4196903464841
"CREB3L3_104",0.7233,1.07255377523939,"C4","CREB3L3",0.416238039566106
"CREB3_111",0.7233,1.07255377523939,"C4","CREB3",0.416238039566106
"CREB3L4_126",0.7233,1.07255377523939,"C4","CREB3L4",0.416238039566106
"THRA_672",0.7034,1.06648645221738,"C4","THRA",0.397349202960968
"PRRX1_440",0.6992,1.07233864040946,"C4","PRRX1",0.396068643734747
"HOXD11_464",0.6991,1.07672331790419,"C4","HOXD11",0.396068643734747
"SHOX_556",0.6992,1.07233864040946,"C4","SHOX",0.396068643734747
"TERF2_649",0.6964,1.06536601702024,"C4","TERF2",0.394370476893892
"PBX4_861",0.6915,1.05452693799469,"C4","PBX4",0.390470004336019
"SHOX2_521",0.6846,1.07745379505338,"C4","SHOX2",0.385062184351803
"NFAT5_717",0.6841,1.04394356909605,"C4","NFAT5",0.385062184351803
"ZNF384_202",0.671,1.04116945125719,"C4","ZNF384",0.372954857885481
"SMAD3_743",0.6579,1.08901072707436,"C4","SMAD3",0.360845267623503
"FOXO6_379",0.6542,1.05380882225164,"C4","FOXO6",0.358133423867569
"MEIS2_471",0.6515,1.05648080138192,"C4","MEIS2",0.35641933684922
"FERD3L_58",0.6455,1.03733135490489,"C4","FERD3L",0.351403016730473
"POU3F1_618",0.6422,1.05078642936982,"C4","POU3F1",0.349084473604451
"LHX9_485",0.6346,1.05575851180871,"C4","LHX9",0.342463717496001
"FOXP2_356",0.6332,1.03306492910972,"C4","FOXP2",0.342040758362313
"TBX20_790",0.6278,1.04122305358622,"C4","TBX20",0.337615606093523
"PRDM4_185",0.6146,1.03844388212603,"C4","PRDM4",0.327893261156725
"NKX24_457",0.6143,1.05164866466042,"C4","NKX24",0.327893261156725
"NKX11_597",0.6142,1.06237516798355,"C4","NKX11",0.327893261156725
"STAT5B_779",0.6155,1.04049462417655,"C4","STAT5B",0.327893261156725
"RORB_865",0.6088,1.04523996019209,"C4","RORB",0.323457289259342
"TP53_706",0.5955,1.04986326540587,"C4","TP53",0.311119182192764
"HES2_19",0.5852,1.05507344916207,"C4","HES2",0.301778949394213
"TLX2_436",0.5802,1.04261575093894,"C4","TLX2",0.297736600238485
"HESX1_503",0.5747,1.05573523909134,"C4","HESX1",0.293192144038494
"GSX2_546",0.5732,1.0386185217601,"C4","GSX2",0.292645590045816
"PAX4_607",0.5689,1.07071656647022,"C4","PAX4",0.289296947451232
"HOXA3_415",0.5546,1.07348484282892,"C4","HOXA3",0.276893432918643
"PAX7_605",0.5547,1.06194595869911,"C4","PAX7",0.276893432918643
"BBX_753",0.5473,1.06971822934531,"C4","BBX",0.273361738399335
"TBX15_782",0.5479,1.0415386685516,"C4","TBX15",0.273361738399335
"TBX18_869",0.5479,1.0415386685516,"C4","TBX18",0.273361738399335
"TBX22_870",0.5479,1.0415386685516,"C4","TBX22",0.273361738399335
"HMX1_569",0.5411,1.03569305680601,"C4","HMX1",0.268098727936262
"HSFY2_625",0.5371,1.08168832961909,"C4","HSFY2",0.265966664071382
"HSFY1_626",0.5371,1.08168832961909,"C4","HSFY1",0.265966664071382
"KDM2B_299",0.5135,1.09212070535254,"C4","KDM2B",0.243297627947494
"LHX6_423",0.5092,1.04774549701271,"C4","LHX6",0.240853590096465
"LHX8_498",0.5101,1.03900603706558,"C4","LHX8",0.240853590096465
"MSC_82",0.5049,1.02915820156301,"C4","MSC",0.237478605317099
"ENSG00000234254_595",0.499,1.02823605372887,"C4","ENSG00000234254",0.232501654510278
"HOXB4_549",0.4948,1.03298177550447,"C4","HOXB4",0.229222746015469
"HOXB9_529",0.4808,1.02285000857803,"C4","HOXB9",0.217059089055467
"STAT4_775",0.4811,1.03040707963585,"C4","STAT4",0.217059089055467
"RFX1_726",0.4784,1.03493927453878,"C4","RFX1",0.215574357006248
"NPAS4_77",0.4718,1.06348534818379,"C4","NPAS4",0.209887700101875
"RAX_472",0.4691,1.03330690491075,"C4","RAX",0.208099126421495
"RBPJ_291",0.4645,1.0206958549501,"C4","RBPJ",0.2044086439935
"EN1_500",0.4613,1.04143241078089,"C4","EN1",0.202116260795945
"HSF4_624",0.4512,1.02408136927924,"C4","HSF4",0.192921984756969
"NR1H3_656",0.4443,1.02237845223812,"C4","NR1H3",0.187827785620231
"NR1H2_674",0.4443,1.02237845223812,"C4","NR1H2",0.187827785620231
"NR3C1_666",0.4421,1.01971957932498,"C4","NR3C1",0.186527878132894
"ATF7_138",0.4377,1.03455852627923,"C4","ATF7",0.183922485983645
"RFX3_723",0.4383,1.02900118346584,"C4","RFX3",0.183922485983645
"PAX9_710",0.4366,1.03401382050067,"C4","PAX9",0.183717016643675
"MEIS3_411",0.4297,1.02261233797343,"C4","MEIS3",0.177709708596016
"SRF_641",0.4221,1.01826971335327,"C4","SRF",0.171889606505002
"PGR_660",0.4228,1.016812349123,"C4","PGR",0.171889606505002
"GBX2_520",0.4172,1.02741724110353,"C4","GBX2",0.167876827409895
"SNAI1_199",0.404,1.01075228882968,"C4","SNAI1",0.155945850148742
"MSX1_501",0.4035,1.02358110530071,"C4","MSX1",0.155945850148742
"MNT_20",0.4025,1.02303912653057,"C4","MNT",0.155827666658612
"TCF7L1_763",0.4011,1.01312514731991,"C4","TCF7L1",0.155307696305028
"FIGLA_88",0.3943,1.01321722258134,"C4","FIGLA",0.1537507517174
"SNAI3_268",0.3962,1.01521232433397,"C4","SNAI3",0.1537507517174
"PRRX2_519",0.395,1.0213911585628,"C4","PRRX2",0.1537507517174
"RAX2_533",0.395,1.0213911585628,"C4","RAX2",0.1537507517174
"ISX_536",0.395,1.0213911585628,"C4","ISX",0.1537507517174
"TBX3_785",0.3979,1.01257400191522,"C4","TBX3",0.1537507517174
"SIX1_459",0.3865,1.02773249946234,"C4","SIX1",0.146818473248627
"HIC1_254",0.3775,1.01298234441062,"C4","HIC1",0.138684464526401
"E2F8_314",0.3713,1.01368122585139,"C4","E2F8",0.133511283826907
"RXRG_679",0.3706,1.01152067713982,"C4","RXRG",0.133511283826907
"FOXO4_373",0.3696,1.0085607121679,"C4","FOXO4",0.133372125500043
"TCF7_750",0.3611,1.0106070754651,"C4","TCF7",0.125731264221181
"SIX3_480",0.36,1.01745273054049,"C4","SIX3",0.125488706714717
"ZNF784_262",0.3573,1.01456738678178,"C4","ZNF784",0.124150923479318
"IRF5_631",0.3561,1.01162902221897,"C4","IRF5",0.124150923479318
"IRF7_635",0.3569,1.0082163073135,"C4","IRF7",0.124150923479318
"HOXB1_448",0.3413,1.00905583793281,"C4","HOXB1",0.111050708357212
"TP73_705",0.3415,1.00681222235958,"C4","TP73",0.111050708357212
"C11orf9_654",0.3373,1.03343586562132,"C4","C11orf9",0.107898112493198
"BATF3_120",0.3319,1.01057021225987,"C4","BATF3",0.103343866376657
"GSC2_402",0.3175,1.00676302226808,"C4","GSC2",0.0897879764225725
"HES7_83",0.3139,1.00503519500041,"C4","HES7",0.0870304490085928
"RXRA_695",0.3117,1.00286084001123,"C4","RXRA",0.085671290475324
"HMX3_557",0.3069,1.00286084001123,"C4","HMX3",0.0817105071266145
"PPARA_696",0.303,1.00143429543084,"C4","PPARA",0.0794840910161806
"NFATC1_720",0.3031,1.00125626266721,"C4","NFATC1",0.0794840910161806
"GLI1_186",0.3013,1.00098522666737,"C4","GLI1",0.078618470680906
"RFX4_725",0.2991,1.00171418915368,"C4","RFX4",0.0772512503836436
"PAX3_608",0.2973,1.0040310393578,"C4","PAX3",0.0762824362486557
"HOXC5_562",0.2927,1.000252619361,"C4","HOXC5",0.0725120343651082
"PTF1A_70",0.2906,0.999493054407125,"C4","PTF1A",0.0717913625939281
"GLI2_167",0.2898,0.99939899447375,"C4","GLI2",0.0717913625939281
"PAX1_708",0.2895,1.00037851119932,"C4","PAX1",0.0717913625939281
"SCRT2_282",0.2839,0.998391910702708,"C4","SCRT2",0.0686566169821705
"NKX32_432",0.2844,0.998496780655214,"C4","NKX32",0.0686566169821705
"MYBL2_647",0.2846,1.00179055096105,"C4","MYBL2",0.0686566169821705
"BARHL1_456",0.2816,0.997854879079389,"C4","BARHL1",0.0679923796764296
"MYB_648",0.282,0.997956353657779,"C4","MYB",0.0679923796764296
"RFX6_729",0.2703,0.996882415164167,"C4","RFX6",0.0575079564079537
"CLOCK_53",0.2663,0.993079103996253,"C4","CLOCK",0.0543220044099378
"NR4A2_686",0.2644,0.995300682906916,"C4","NR4A2",0.0532345294026099
"RFX8_730",0.2615,0.993688332328196,"C4","RFX8",0.0511455370741515
"ZNF274_244",0.2484,0.993446906118243,"C4","ZNF274",0.0396630230477706
"TEAD4_797",0.2488,0.991876277820457,"C4","TEAD4",0.0396630230477706
"DPRX_565",0.2405,0.984938063016711,"C4","DPRX",0.0333745072043499
"PAX5_709",0.2405,0.990310486076277,"C4","PAX5",0.0333745072043499
"GLIS3_183",0.2372,0.987579982631864,"C4","GLIS3",0.0310805769702284
"NANOG_433",0.2358,0.987373460844561,"C4","NANOG",0.0310805769702284
"GMEB1_737",0.2363,0.973915790299526,"C4","GMEB1",0.0310805769702284
"NOBOX_420",0.2349,0.987025053439557,"C4","NOBOX",0.0309796470795614
"NFIB_741",0.2335,0.989041050057952,"C4","NFIB",0.0303772496580239
"PAX8_707",0.2311,0.98536908117382,"C4","PAX8",0.0287733900861188
"GCM1_390",0.2301,0.982350230796787,"C4","GCM1",0.0285680737148123
"ASCL2_89",0.2277,0.988867432941301,"C4","ASCL2",0.0277530918314734
"ETV7_321",0.2284,0.991119571981122,"C4","ETV7",0.0277530918314734
"ARID2_11",0.2192,0.98165542771599,"C4","ARID2",0.0200434368756253
"SIX2_528",0.2181,0.975222942845561,"C4","SIX2",0.0197323462331665
"AHRR_17",0.2143,0.983507385203991,"C4","AHRR",0.0182905121098113
"AHR_28",0.2143,0.983507385203991,"C4","AHR",0.0182905121098113
"GBX1_508",0.215,0.97756091692755,"C4","GBX1",0.0182905121098113
"NR4A1_671",0.2088,0.986680920327852,"C4","NR4A1",0.0135737305040577
"THRB_684",0.2051,0.978259636143706,"C4","THRB",0.010655538963439
"SIX4_407",0.2023,0.973585201097116,"C4","SIX4",0.00941494631896021
"IRF8_633",0.2026,0.985985777799498,"C4","IRF8",0.00941494631896021
"PITX3_426",0.1999,0.97852055040051,"C4","PITX3",0.00779255526780477
"ZBTB12_280",0.1941,0.977850434663111,"C4","ZBTB12",0.00585985136472379
"AL8448538_281",0.1941,0.977850434663111,"C4","AL8448538",0.00585985136472379
"CR7597843_285",0.1941,0.977850434663111,"C4","CR7597843",0.00585985136472379
"CR3882194_286",0.1941,0.977850434663111,"C4","CR3882194",0.00585985136472379
"AL66283413_287",0.1941,0.977850434663111,"C4","AL66283413",0.00585985136472379
"SREBF2_99",0.1907,0.981513110765045,"C4","SREBF2",0.00322919520082003
"TFAP2B_1",0.0018,0.872540804747442,"C4","TFAP2B",0
"TFAP2D_2",0,0.876236379875874,"C4","TFAP2D",0
"TFAP2C_3",0,0.869582598792255,"C4","TFAP2C",0
"TFAP2E_4",0.064,0.942911225220886,"C4","TFAP2E",0
"TFAP2A_5",3e-04,0.849032707885809,"C4","TFAP2A",0
"MAX_14",0.0134,0.878418254024431,"C4","MAX",0
"MLXIPL_15",0.0063,0.797474318770057,"C4","MLXIPL",0
"ARNTL2_16",0.0025,0.807341132814075,"C4","ARNTL2",0
"TFE3_18",0.0021,0.809488449080125,"C4","TFE3",0
"TCF3_21",0.0502,0.941744384301924,"C4","TCF3",0
"SREBF1_22",0.0065,0.886426579499367,"C4","SREBF1",0
"TFAP4_23",0.0038,0.907512440960922,"C4","TFAP4",0
"HIF1A_24",0.0146,0.843031940623414,"C4","HIF1A",0
"TCFL5_25",0.0021,0.78894924082369,"C4","TCFL5",0
"USF2_26",5e-04,0.81263991660427,"C4","USF2",0
"TFEC_27",0.063,0.924623469513896,"C4","TFEC",0
"MLX_29",0.0163,0.837027561875737,"C4","MLX",0
"SIM1_31",0.0287,0.831230293566351,"C4","SIM1",0
"TFEB_32",0.0051,0.842740201690105,"C4","TFEB",0
"HAND1_33",0.1477,0.971638222201043,"C4","HAND1",0
"HES1_34",1e-04,0.798904239333987,"C4","HES1",0
"ID2_35",0.023,0.87400162593157,"C4","ID2",0
"EPAS1_36",0,0.791958774944487,"C4","EPAS1",0
"MYCL1_37",0.0306,0.895793070399242,"C4","MYCL1",0
"MXI1_40",0.0049,0.856558640461725,"C4","MXI1",0
"MYOG_41",0.0154,0.935530109827475,"C4","MYOG",0
"BHLHE41_44",0.0371,0.868448512337168,"C4","BHLHE41",0
"ID1_47",0.023,0.87400162593157,"C4","ID1",0
"MYOD1_48",0.0404,0.946004913672214,"C4","MYOD1",0
"NPAS1_49",0.0287,0.831230293566351,"C4","NPAS1",0
"ARNTL_50",0.0046,0.807685795428315,"C4","ARNTL",0
"BHLHE40_51",2e-04,0.731277898415905,"C4","BHLHE40",0
"MYCN_52",0.0139,0.872600103419096,"C4","MYCN",0
"HEY2_54",0.1484,0.956583799242579,"C4","HEY2",0
"MYC_55",0.0057,0.860252188449996,"C4","MYC",0
"TCF12_56",0.0013,0.907652532415223,"C4","TCF12",0
"ARNT_57",6e-04,0.70213990350398,"C4","ARNT",0
"NPAS3_59",0.0287,0.831230293566351,"C4","NPAS3",0
"USF1_60",4e-04,0.808541843857525,"C4","USF1",0
"SIM2_61",0.0287,0.831230293566351,"C4","SIM2",0
"NEUROD1_63",0.0121,0.921872078255583,"C4","NEUROD1",0
"HEYL_65",0.0745,0.921857394407925,"C4","HEYL",0
"HAND2_66",0.1477,0.971638222201043,"C4","HAND2",0
"EBF1_67",3e-04,0.889736241250376,"C4","EBF1",0
"HEY1_68",0.0183,0.862861912957378,"C4","HEY1",0
"MESP1_69",0.1634,0.97828465301247,"C4","MESP1",0
"NPAS2_72",0.0839,0.932115652060004,"C4","NPAS2",0
"NHLH1_74",4e-04,0.854435067193189,"C4","NHLH1",0
"ARNT2_76",0.0131,0.918064263911065,"C4","ARNT2",0
"MLXIP_78",0.0158,0.854773759197267,"C4","MLXIP",0
"NHLH2_80",0.0676,0.955393948611967,"C4","NHLH2",0
"MESP2_94",0.1634,0.97828465301247,"C4","MESP2",0
"HES4_95",1e-04,0.736383573583881,"C4","HES4",0
"TCF4_97",0.0697,0.95764674907988,"C4","TCF4",0
"ENSG00000250811_102",0.0287,0.831230293566351,"C4","ENSG00000250811",0
"CREM_108",0.0918,0.941237065011549,"C4","CREM",0
"XBP1_109",0.0412,0.878477877625531,"C4","XBP1",0
"ATF6_116",0,0.738883616381066,"C4","ATF6",0
"CREB1_117",0.0016,0.753124221772677,"C4","CREB1",0
"ATF1_118",4e-04,0.713528822838323,"C4","ATF1",0
"CREB3L1_131",0.0043,0.82047388190785,"C4","CREB3L1",0
"ATF3_132",0,0.67166505401016,"C4","ATF3",0
"CR7538031_135",0.0295,0.845118191201071,"C4","CR7538031",0
"ATF5_136",0.0396,0.955231425807961,"C4","ATF5",0
"CREB3L2_145",0.0054,0.827539227938382,"C4","CREB3L2",0
"MAFA_146",0.0015,0.898336184121693,"C4","MAFA",0
"MAFB_150",0.1476,0.96867240228357,"C4","MAFB",0
"ATF6B_151",0.0295,0.845118191201071,"C4","ATF6B",0
"CR9257962_153",0.0295,0.845118191201071,"C4","CR9257962",0
"AL6628286_154",0.0295,0.845118191201071,"C4","AL6628286",0
"ENSG00000250542_156",0.0177,0.556748366696623,"C4","ENSG00000250542",0
"ZFX_158",0,0.763937960949246,"C4","ZFX",0
"ZNF263_159",0,0.838179503207536,"C4","ZNF263",0
"HIVEP2_160",0.0086,0.885463546757564,"C4","HIVEP2",0
"SNAI2_161",0.1637,0.982947002838643,"C4","SNAI2",0
"ZIC2_162",2e-04,0.828874777562357,"C4","ZIC2",0
"PRDM1_163",0.0236,0.956822653259702,"C4","PRDM1",0
"ZNF76_164",0.015,0.929409118330715,"C4","ZNF76",0
"KLF6_165",0,0.736555642385406,"C4","KLF6",0
"ZFY_166",0,0.837250793036894,"C4","ZFY",0
"REST_168",0.0116,0.918753082624557,"C4","REST",0
"HIVEP1_170",0.0623,0.95041706863597,"C4","HIVEP1",0
"MZF1_171",0.003,0.913595399819109,"C4","MZF1",0
"PATZ1_172",0,0.82451665127165,"C4","PATZ1",0
"YY1_173",0,0.797371835403255,"C4","YY1",0
"KLF8_174",0.0049,0.904762786664986,"C4","KLF8",0
"KLF5_175",0,0.790916756034367,"C4","KLF5",0
"ZNF423_176",0.1441,0.96555819676399,"C4","ZNF423",0
"CTCF_177",0.0205,0.954481357079173,"C4","CTCF",0
"MAZ_178",0,0.864549163166074,"C4","MAZ",0
"KLF1_179",0,0.879268983556072,"C4","KLF1",0
"SP4_180",0,0.704465218799422,"C4","SP4",0
"KLF3_184",0.048,0.947664872725626,"C4","KLF3",0
"KLF7_189",0,0.70596297016597,"C4","KLF7",0
"PLAGL1_190",1e-04,0.852118754662797,"C4","PLAGL1",0
"KLF12_191",0.0405,0.949892607356718,"C4","KLF12",0
"BCL11A_194",9e-04,0.935793660869466,"C4","BCL11A",0
"EGR1_195",0,0.66335563904937,"C4","EGR1",0
"EGR2_196",0,0.634362459392594,"C4","EGR2",0
"CTCFL_198",0,0.889705273376809,"C4","CTCFL",0
"RREB1_200",0,0.888387793967662,"C4","RREB1",0
"GLIS2_201",0,0.740044487989249,"C4","GLIS2",0
"ZBTB1_203",4e-04,0.770894767452107,"C4","ZBTB1",0
"KLF16_205",0,0.745366852940411,"C4","KLF16",0
"ZSCAN10_206",0.0172,0.913550855235304,"C4","ZSCAN10",0
"EGR4_207",0,0.665497970072078,"C4","EGR4",0
"KLF4_208",0,0.798371370255589,"C4","KLF4",0
"ZNF740_209",0,0.77027196936856,"C4","ZNF740",0
"ZIC5_210",0,0.800100363322969,"C4","ZIC5",0
"OSR1_212",0.0252,0.85969550788756,"C4","OSR1",0
"ZIC1_213",0.0246,0.895891541425924,"C4","ZIC1",0
"ZIC3_215",0.0711,0.946053098981341,"C4","ZIC3",0
"ZBTB7B_216",0.0575,0.910467268127301,"C4","ZBTB7B",0
"ZNF75A_219",0.0481,0.945668052615685,"C4","ZNF75A",0
"ZNF281_221",0,0.861845499902742,"C4","ZNF281",0
"ZNF148_222",0,0.792445641492312,"C4","ZNF148",0
"KLF15_223",0,0.831131176973431,"C4","KLF15",0
"ZNF691_224",0.0366,0.915704945677833,"C4","ZNF691",0
"ZNF589_225",0.0159,0.86894063802438,"C4","ZNF589",0
"SP8_226",0,0.767471444390242,"C4","SP8",0
"OSR2_227",0.0135,0.847125967389512,"C4","OSR2",0
"ZNF219_229",0.001,0.909080512496766,"C4","ZNF219",0
"ZNF202_230",0.056,0.935768037334418,"C4","ZNF202",0
"ZNF143_231",0.0165,0.90953632331995,"C4","ZNF143",0
"SP2_232",0,0.779446717385422,"C4","SP2",0
"E4F1_234",1e-04,0.607526529024432,"C4","E4F1",0
"ZBTB49_235",0.0145,0.87195883176812,"C4","ZBTB49",0
"HIC2_236",0.0351,0.935513652953084,"C4","HIC2",0
"KLF13_238",0,0.663213472299378,"C4","KLF13",0
"ZNF282_240",0.0211,0.911299150046923,"C4","ZNF282",0
"SP7_241",0,0.767471444390242,"C4","SP7",0
"SCRT1_242",0.1705,0.973576727401994,"C4","SCRT1",0
"ZNF524_243",0.034,0.928071218044286,"C4","ZNF524",0
"HINFP_245",0.0653,0.862611128551009,"C4","HINFP",0
"SP3_247",0,0.769152938119368,"C4","SP3",0
"INSM1_248",0,0.852141445062663,"C4","INSM1",0
"ZBTB4_249",0.009,0.874685737681713,"C4","ZBTB4",0
"GLIS1_250",0.0395,0.90019443418893,"C4","GLIS1",0
"KLF14_251",0,0.650569464915396,"C4","KLF14",0
"ZIC4_252",0,0.740968594447339,"C4","ZIC4",0
"ZNF683_253",0.0755,0.969797469493819,"C4","ZNF683",0
"ZBTB33_255",0,0.617291236749334,"C4","ZBTB33",0
"ZBTB7A_258",0,0.742827047244221,"C4","ZBTB7A",0
"EGR3_259",0,0.723966621509658,"C4","EGR3",0
"ZSCAN4_263",0.0203,0.920053945350953,"C4","ZSCAN4",0
"PLAG1_264",0,0.838756338918479,"C4","PLAG1",0
"ZBTB7C_265",0.1426,0.961169103266953,"C4","ZBTB7C",0
"WT1_266",0,0.726994837168241,"C4","WT1",0
"SP1_267",0,0.805251850111774,"C4","SP1",0
"ZBTB6_271",0.0827,0.951778700122785,"C4","ZBTB6",0
"ZNF75D_272",0.0481,0.945668052615685,"C4","ZNF75D",0
"ZKSCAN4_273",0.0547,0.911464034367256,"C4","ZKSCAN4",0
"MTF1_274",0.0145,0.869919322963474,"C4","MTF1",0
"SP6_275",0,0.68874621988545,"C4","SP6",0
"ZKSCAN3_276",0.0547,0.911464034367256,"C4","ZKSCAN3",0
"SP5_279",0,0.68874621988545,"C4","SP5",0
"SP9_283",0,0.767471444390242,"C4","SP9",0
"YY2_284",3e-04,0.800141601521891,"C4","YY2",0
"NFYA_288",0,0.728594498509939,"C4","NFYA",0
"CENPB_289",0.0123,0.76741849358833,"C4","CENPB",0
"YBX1_290",0.0402,0.919593096692248,"C4","YBX1",0
"CGBP_298",0.0177,0.782231455208756,"C4","CGBP",0
"MLL_300",0.0072,0.806023721692448,"C4","MLL",0
"DNMT1_301",0,0.722392341561314,"C4","DNMT1",0
"TET1_302",0.0883,0.855977181625743,"C4","TET1",0
"CXXC1_303",0.1066,0.929480778546989,"C4","CXXC1",0
"TFDP2_308",8e-04,0.780146580725781,"C4","TFDP2",0
"TFDP3_309",8e-04,0.780146580725781,"C4","TFDP3",0
"TFDP1_310",8e-04,0.780146580725781,"C4","TFDP1",0
"E2F2_311",0.0282,0.82504014181222,"C4","E2F2",0
"E2F1_312",0.1339,0.917639189229155,"C4","E2F1",0
"E2F3_313",0.1472,0.958220036573872,"C4","E2F3",0
"E2F5_315",1e-04,0.621140116340458,"C4","E2F5",0
"E2F6_317",0,0.80336340566204,"C4","E2F6",0
"E2F4_318",0,0.717135488651969,"C4","E2F4",0
"ETV1_320",0,0.657002749348153,"C4","ETV1",0
"SPI1_322",0,0.919952661365304,"C4","SPI1",0
"ELF4_323",2e-04,0.819305006764866,"C4","ELF4",0
"ETV2_324",0.0423,0.927041773643396,"C4","ETV2",0
"ERF_325",0.0043,0.868276542630842,"C4","ERF",0
"ELF2_326",0,0.878014898703705,"C4","ELF2",0
"ELK3_327",0,0.631696034201317,"C4","ELK3",0
"ETV3_328",0,0.728688678404268,"C4","ETV3",0
"ELF1_329",0,0.750714394011878,"C4","ELF1",0
"SPDEF_330",0.1395,0.947821435391935,"C4","SPDEF",0
"ELK1_331",0,0.6225238005394,"C4","ELK1",0
"ETS1_332",1e-04,0.77084978059593,"C4","ETS1",0
"EHF_333",0.0049,0.881512605083441,"C4","EHF",0
"ELF5_334",0.001,0.892218646717842,"C4","ELF5",0
"ETV6_335",0,0.772281307899432,"C4","ETV6",0
"SPIB_336",0,0.835486379391643,"C4","SPIB",0
"FLI1_337",0,0.760200176216494,"C4","FLI1",0
"GABPA_338",0,0.723747467063117,"C4","GABPA",0
"ERG_339",0.0015,0.833773837916309,"C4","ERG",0
"ETS2_340",0,0.858528380207796,"C4","ETS2",0
"ELK4_341",0,0.671766417206853,"C4","ELK4",0
"ELF3_342",6e-04,0.846750133888758,"C4","ELF3",0
"FEV_343",0,0.717878752731732,"C4","FEV",0
"SPIC_344",2e-04,0.908142576069018,"C4","SPIC",0
"ETV4_345",0,0.666027230516081,"C4","ETV4",0
"ENSG00000235187_346",0.0131,0.88304164045685,"C4","ENSG00000235187",0
"ETV5_347",0,0.660359219124743,"C4","ETV5",0
"GATA1_383",0.1394,0.963579846618415,"C4","GATA1",0
"GATA2_388",0.1294,0.963946386645473,"C4","GATA2",0
"GCM2_389",0.0234,0.835639733850505,"C4","GCM2",0
"TFCP2_392",0.0603,0.946301928836244,"C4","TFCP2",0
"UBP1_393",0.1326,0.97796230762668,"C4","UBP1",0
"PITX1_404",0.0637,0.918609658330065,"C4","PITX1",0
"RHOXF1_409",0.165,0.957673244418141,"C4","RHOXF1",0
"CRX_410",0.0769,0.913288330658209,"C4","CRX",0
"TLX1_425",0.0454,0.915156702170414,"C4","TLX1",0
"OTX1_437",0.0975,0.856173732069285,"C4","OTX1",0
"GSC_470",0.0733,0.917731866014413,"C4","GSC",0
"NKX28_475",0.0811,0.944464083165088,"C4","NKX28",0
"NKX21_476",0.0694,0.944483836360343,"C4","NKX21",0
"TLX3_505",0.0454,0.915156702170414,"C4","TLX3",0
"OTX2_515",0.0087,0.83207839454555,"C4","OTX2",0
"PBX3_518",0,0.646870386114393,"C4","PBX3",0
"NKX26_544",0.0958,0.94654855393048,"C4","NKX26",0
"SIX6_552",0.1068,0.93506986605934,"C4","SIX6",0
"DMBX1_560",0.1112,0.93260141537917,"C4","DMBX1",0
"IRF6_628",0.1396,0.942027176210366,"C4","IRF6",0
"IRF1_629",0.1751,0.991811168615317,"C4","IRF1",0
"IRF3_630",0.0802,0.965658730005912,"C4","IRF3",0
"IRF2_634",0.0057,0.908379298147947,"C4","IRF2",0
"IRF9_636",0.0388,0.934948636830463,"C4","IRF9",0
"MBD2_644",0,0.678357901536048,"C4","MBD2",0
"MECP2_645",2e-04,0.846372191139704,"C4","MECP2",0
"SMARCC2_650",0.009,0.90157347613831,"C4","SMARCC2",0
"MYBL1_653",0.055,0.86015101801739,"C4","MYBL1",0
"NR1H4_655",0.0528,0.928743869095599,"C4","NR1H4",0
"ESR1_661",0.0114,0.912615372507221,"C4","ESR1",0
"HNF4A_662",0.0032,0.89490511681465,"C4","HNF4A",0
"VDR_663",0.1003,0.948414175520381,"C4","VDR",0
"PPARD_664",0.1782,0.981091067796799,"C4","PPARD",0
"NR5A2_667",0.0383,0.937681459699576,"C4","NR5A2",0
"NR4A3_668",0.1253,0.969354674441132,"C4","NR4A3",0
"ESRRB_669",0.1776,0.977483855306161,"C4","ESRRB",0
"NR2C1_670",0.148,0.973560929381217,"C4","NR2C1",0
"RARA_675",0.006,0.885014553334254,"C4","RARA",0
"PPARG_676",0.0112,0.886099840046492,"C4","PPARG",0
"NR5A1_677",0.0381,0.93597722180726,"C4","NR5A1",0
"ESR2_678",0.0068,0.898666201088107,"C4","ESR2",0
"NR2F6_687",0.1664,0.975769927604478,"C4","NR2F6",0
"HNF4G_688",0.0395,0.943952413096792,"C4","HNF4G",0
"RARG_690",0.0173,0.877718256630751,"C4","RARG",0
"ESRRA_691",0.0388,0.92872889697063,"C4","ESRRA",0
"NR2F1_692",2e-04,0.837054221453436,"C4","NR2F1",0
"NR2C2_693",2e-04,0.813769719451076,"C4","NR2C2",0
"NR2F2_694",0.0043,0.908232143180562,"C4","NR2F2",0
"ESRRG_697",0.0465,0.932522439125818,"C4","ESRRG",0
"RXRB_698",0.1803,0.978923833387387,"C4","RXRB",0
"AL8445277_699",0.0074,0.88649540319859,"C4","AL8445277",0
"AL6628245_700",0.0074,0.88649540319859,"C4","AL6628245",0
"CR7597334_701",0.0074,0.88649540319859,"C4","CR7597334",0
"CR3545653_702",0.0074,0.88649540319859,"C4","CR3545653",0
"CR9368773_703",0.0074,0.88649540319859,"C4","CR9368773",0
"PROX1_712",0.1272,0.938382524782036,"C4","PROX1",0
"NFKB2_714",0.0084,0.864862930638945,"C4","NFKB2",0
"RELB_718",5e-04,0.851661617539275,"C4","RELB",0
"NFKB1_719",0.003,0.891252855406674,"C4","NFKB1",0
"REL_721",0.045,0.92840056787128,"C4","REL",0
"RELA_722",0,0.82447629313894,"C4","RELA",0
"RFX2_724",0.0019,0.859595005723907,"C4","RFX2",0
"RFX5_727",0.0795,0.953190845576707,"C4","RFX5",0
"RFX7_728",0.0274,0.909893464309987,"C4","RFX7",0
"NFIX_738",0.0585,0.938677746250507,"C4","NFIX",0
"SMAD4_739",0.1719,0.978920424543505,"C4","SMAD4",0
"NFIA_742",0.1152,0.958185623349558,"C4","NFIA",0
"SMAD1_744",0.0781,0.965006582562818,"C4","SMAD1",0
"SMAD2_745",7e-04,0.861412021521353,"C4","SMAD2",0
"SOX8_746",0.0938,0.951428384920864,"C4","SOX8",0
"STAT6_776",0.0058,0.921673185268605,"C4","STAT6",0
"STAT2_778",0.1157,0.983215778408485,"C4","STAT2",0
"TEAD1_796",0.1167,0.960911987120372,"C4","TEAD1",0
"THAP1_798",0.0698,0.947945235697638,"C4","THAP1",0
"PRKRIR_799",0.14,0.954458120509599,"C4","PRKRIR",0
"NFYC_800",0,0.661355938977226,"C4","NFYC",0
"EP300_804",0.0164,0.918286815239671,"C4","EP300",0
"NRF1_805",0,0.649560217802685,"C4","NRF1",0
"CEBPZ_806",0,0.78888553318431,"C4","CEBPZ",0
"NFYB_807",0,0.675502120214815,"C4","NFYB",0
"LMO2_808",0.0026,0.905167439951496,"C4","LMO2",0
"SPZ1_810",0,0.838735758971013,"C4","SPZ1",0
"NR0B1_811",1e-04,0.847641092875661,"C4","NR0B1",0
"PURA_813",0,0.844968062424232,"C4","PURA",0
"ZBED1_816",0.0133,0.647236428659727,"C4","ZBED1",0
"ZNF350_817",4e-04,0.868155500869372,"C4","ZNF350",0
"LYL1_818",4e-04,0.854435067193189,"C4","LYL1",0
"SOHLH2_819",3e-04,0.724288384452552,"C4","SOHLH2",0
"C13orf38SOHLH2_823",3e-04,0.724288384452552,"C4","C13orf38SOHLH2",0
"HIVEP3_824",0.0623,0.95041706863597,"C4","HIVEP3",0
"BCL11B_825",9e-04,0.935793660869466,"C4","BCL11B",0
"KLF10_826",0,0.663213472299378,"C4","KLF10",0
"MYF5_842",0.0026,0.894657219009933,"C4","MYF5",0
"ASCL1_843",0.0189,0.926556210879936,"C4","ASCL1",0
"ATOH1_844",0.1002,0.963509582317562,"C4","ATOH1",0
"KLF2_846",0,0.768189011888567,"C4","KLF2",0
"KLF11_847",0,0.650569464915396,"C4","KLF11",0
"ZFP42_848",0.0011,0.864662625507099,"C4","ZFP42",0
"ZFP161_850",0,0.643411872146382,"C4","ZFP161",0
"ZNF75C_851",0.0481,0.945668052615685,"C4","ZNF75C",0
"TFCP2L1_858",0.0024,0.882634264040917,"C4","TFCP2L1",0
"SMAD5_866",0,0.655986980870154,"C4","SMAD5",0
"SMAD9_867",0.0583,0.939231398443273,"C4","SMAD9",0
