Dataset,Methods,Metric,Value
h_PBMC,raw_ATAC,ns(10),0.0597
h_PBMC,raw_ATAC,ns(50),0.1837
h_PBMC,raw_ATAC,ns(100),0.2849
h_PBMC,raw_ATAC,ls(10),0.8213
h_PBMC,raw_ATAC,ls(50),0.7773
h_PBMC,raw_ATAC,ls(100),0.7465
h_PBMC,raw_ATAC,ari,0.6994
h_PBMC,raw_ATAC,ami,0.7291
h_PBMC,raw_ATAC,asw,0.5498
h_PBMC,XChrom,ns(10),0.115
h_PBMC,XChrom,ns(50),0.276
h_PBMC,XChrom,ns(100),0.3947
h_PBMC,XChrom,ls(10),0.9223
h_PBMC,XChrom,ls(50),0.9004
h_PBMC,XChrom,ls(100),0.8827
h_PBMC,XChrom,ari,0.7358
h_PBMC,XChrom,ami,0.8222
h_PBMC,XChrom,asw,0.7047
h_PBMC,scCASE,ns(10),0.0776
h_PBMC,scCASE,ns(50),0.2267
h_PBMC,scCASE,ns(100),0.3407
h_PBMC,scCASE,ls(10),0.8934
h_PBMC,scCASE,ls(50),0.8715
h_PBMC,scCASE,ls(100),0.8475
h_PBMC,scCASE,ari,0.5745
h_PBMC,scCASE,ami,0.733
h_PBMC,scCASE,asw,0.6458
h_PBMC,SCALE,ns(10),0.0869
h_PBMC,SCALE,ns(50),0.2365
h_PBMC,SCALE,ns(100),0.3463
h_PBMC,SCALE,ls(10),0.8836
h_PBMC,SCALE,ls(50),0.854
h_PBMC,SCALE,ls(100),0.828
h_PBMC,SCALE,ari,0.6536
h_PBMC,SCALE,ami,0.6972
h_PBMC,SCALE,asw,0.5407
h_PBMC,scBasset,ns(10),0.0873
h_PBMC,scBasset,ns(50),0.235
h_PBMC,scBasset,ns(100),0.3485
h_PBMC,scBasset,ls(10),0.8951
h_PBMC,scBasset,ls(50),0.8619
h_PBMC,scBasset,ls(100),0.8359
h_PBMC,scBasset,ari,0.8088
h_PBMC,scBasset,ami,0.8128
h_PBMC,scBasset,asw,0.6267
m_brain,raw_ATAC,ns(10),0.0967
m_brain,raw_ATAC,ns(50),0.2095
m_brain,raw_ATAC,ns(100),0.2681
m_brain,raw_ATAC,ls(10),0.6654
m_brain,raw_ATAC,ls(50),0.597
m_brain,raw_ATAC,ls(100),0.5492
m_brain,raw_ATAC,ari,0.3293
m_brain,raw_ATAC,ami,0.4886
m_brain,raw_ATAC,asw,0.518
m_brain,XChrom,ns(10),0.2885
m_brain,XChrom,ns(50),0.4499
m_brain,XChrom,ns(100),0.5155
m_brain,XChrom,ls(10),0.8565
m_brain,XChrom,ls(50),0.8049
m_brain,XChrom,ls(100),0.7558
m_brain,XChrom,ari,0.4816
m_brain,XChrom,ami,0.6442
m_brain,XChrom,asw,0.5942
m_brain,scCASE,ns(10),0.1349
m_brain,scCASE,ns(50),0.2725
m_brain,scCASE,ns(100),0.3473
m_brain,scCASE,ls(10),0.7282
m_brain,scCASE,ls(50),0.6729
m_brain,scCASE,ls(100),0.6364
m_brain,scCASE,ari,0.366
m_brain,scCASE,ami,0.5359
m_brain,scCASE,asw,0.5534
m_brain,SCALE,ns(10),0.1458
m_brain,SCALE,ns(50),0.2848
m_brain,SCALE,ns(100),0.3534
m_brain,SCALE,ls(10),0.7366
m_brain,SCALE,ls(50),0.6746
m_brain,SCALE,ls(100),0.6323
m_brain,SCALE,ari,0.3173
m_brain,SCALE,ami,0.4805
m_brain,SCALE,asw,0.5179
m_brain,scBasset,ns(10),0.1884
m_brain,scBasset,ns(50),0.3463
m_brain,scBasset,ns(100),0.4194
m_brain,scBasset,ls(10),0.7904
m_brain,scBasset,ls(50),0.7377
m_brain,scBasset,ls(100),0.6911
m_brain,scBasset,ari,0.436
m_brain,scBasset,ami,0.599
m_brain,scBasset,asw,0.5663
h_brain,raw_ATAC,ns(10),0.057
h_brain,raw_ATAC,ns(50),0.1558
h_brain,raw_ATAC,ns(100),0.2303
h_brain,raw_ATAC,ls(10),0.4947
h_brain,raw_ATAC,ls(50),0.4607
h_brain,raw_ATAC,ls(100),0.4337
h_brain,raw_ATAC,ari,0.272
h_brain,raw_ATAC,ami,0.5127
h_brain,raw_ATAC,asw,0.5029
h_brain,XChrom,ns(10),0.0879
h_brain,XChrom,ns(50),0.2031
h_brain,XChrom,ns(100),0.2852
h_brain,XChrom,ls(10),0.583
h_brain,XChrom,ls(50),0.534
h_brain,XChrom,ls(100),0.5022
h_brain,XChrom,ari,0.2866
h_brain,XChrom,ami,0.55
h_brain,XChrom,asw,0.5111
h_brain,scCASE,ns(10),0.0689
h_brain,scCASE,ns(50),0.1772
h_brain,scCASE,ns(100),0.2616
h_brain,scCASE,ls(10),0.5427
h_brain,scCASE,ls(50),0.5182
h_brain,scCASE,ls(100),0.4912
h_brain,scCASE,ari,0.322
h_brain,scCASE,ami,0.5756
h_brain,scCASE,asw,0.5281
h_brain,SCALE,ns(10),0.0752
h_brain,SCALE,ns(50),0.184
h_brain,SCALE,ns(100),0.2645
h_brain,SCALE,ls(10),0.5379
h_brain,SCALE,ls(50),0.5065
h_brain,SCALE,ls(100),0.4813
h_brain,SCALE,ari,0.2716
h_brain,SCALE,ami,0.5316
h_brain,SCALE,asw,0.5054
h_brain,scBasset,ns(10),0.0714
h_brain,scBasset,ns(50),0.182
h_brain,scBasset,ns(100),0.264
h_brain,scBasset,ls(10),0.5413
h_brain,scBasset,ls(50),0.5101
h_brain,scBasset,ls(100),0.4829
h_brain,scBasset,ari,0.3105
h_brain,scBasset,ami,0.5526
h_brain,scBasset,asw,0.514
h_gonads,raw_ATAC,ns(10),0.0169
h_gonads,raw_ATAC,ns(50),0.0491
h_gonads,raw_ATAC,ns(100),0.0749
h_gonads,raw_ATAC,ls(10),0.5288
h_gonads,raw_ATAC,ls(50),0.4829
h_gonads,raw_ATAC,ls(100),0.4584
h_gonads,raw_ATAC,ari,0.1957
h_gonads,raw_ATAC,ami,0.3698
h_gonads,raw_ATAC,asw,0.4927
h_gonads,XChrom,ns(10),0.122
h_gonads,XChrom,ns(50),0.2289
h_gonads,XChrom,ns(100),0.2878
h_gonads,XChrom,ls(10),0.8529
h_gonads,XChrom,ls(50),0.8209
h_gonads,XChrom,ls(100),0.7986
h_gonads,XChrom,ari,0.4524
h_gonads,XChrom,ami,0.6492
h_gonads,XChrom,asw,0.6117
h_gonads,scCASE,ns(10),0.0324
h_gonads,scCASE,ns(50),0.0929
h_gonads,scCASE,ns(100),0.1393
h_gonads,scCASE,ls(10),0.6995
h_gonads,scCASE,ls(50),0.6745
h_gonads,scCASE,ls(100),0.6589
h_gonads,scCASE,ari,0.5143
h_gonads,scCASE,ami,0.5521
h_gonads,scCASE,asw,0.5404
h_gonads,SCALE,ns(10),0.0318
h_gonads,SCALE,ns(50),0.0868
h_gonads,SCALE,ns(100),0.1273
h_gonads,SCALE,ls(10),0.6547
h_gonads,SCALE,ls(50),0.6229
h_gonads,SCALE,ls(100),0.6019
h_gonads,SCALE,ari,0.2198
h_gonads,SCALE,ami,0.3751
h_gonads,SCALE,asw,0.4922
h_gonads,scBasset,ns(10),0.0435
h_gonads,scBasset,ns(50),0.1142
h_gonads,scBasset,ns(100),0.1619
h_gonads,scBasset,ls(10),0.7393
h_gonads,scBasset,ls(50),0.7092
h_gonads,scBasset,ls(100),0.6871
h_gonads,scBasset,ari,0.3883
h_gonads,scBasset,ami,0.5389
h_gonads,scBasset,asw,0.5395
m_palates,raw_ATAC,ns(10),0.0408
m_palates,raw_ATAC,ns(50),0.0912
m_palates,raw_ATAC,ns(100),0.1252
m_palates,raw_ATAC,ls(10),0.4918
m_palates,raw_ATAC,ls(50),0.4434
m_palates,raw_ATAC,ls(100),0.4166
m_palates,raw_ATAC,ari,0.1647
m_palates,raw_ATAC,ami,0.3053
m_palates,raw_ATAC,asw,0.4918
m_palates,XChrom,ns(10),0.2017
m_palates,XChrom,ns(50),0.318
m_palates,XChrom,ns(100),0.3706
m_palates,XChrom,ls(10),0.7228
m_palates,XChrom,ls(50),0.6516
m_palates,XChrom,ls(100),0.6092
m_palates,XChrom,ari,0.346
m_palates,XChrom,ami,0.4875
m_palates,XChrom,asw,0.5556
m_palates,scCASE,ns(10),0.0649
m_palates,scCASE,ns(50),0.1461
m_palates,scCASE,ns(100),0.2007
m_palates,scCASE,ls(10),0.5516
m_palates,scCASE,ls(50),0.5229
m_palates,scCASE,ls(100),0.5070 
m_palates,scCASE,ari,0.2859
m_palates,scCASE,ami,0.4325
m_palates,scCASE,asw,0.5336
m_palates,SCALE,ns(10),0.0668
m_palates,SCALE,ns(50),0.142
m_palates,SCALE,ns(100),0.1886
m_palates,SCALE,ls(10),0.5661
m_palates,SCALE,ls(50),0.5159
m_palates,SCALE,ls(100),0.4911
m_palates,SCALE,ari,0.1523
m_palates,SCALE,ami,0.3
m_palates,SCALE,asw,0.4911
m_palates,scBasset,ns(10),0.0674
m_palates,scBasset,ns(50),0.1482
m_palates,scBasset,ns(100),0.201
m_palates,scBasset,ls(10),0.5675
m_palates,scBasset,ls(50),0.5258
m_palates,scBasset,ls(100),0.5052
m_palates,scBasset,ari,0.2906
m_palates,scBasset,ami,0.4016
m_palates,scBasset,asw,0.5294
