Method,Metric,Dataset,Value
RAW_atac,ari,h_pbmc,0.4791
XChrom,ari,h_pbmc,0.7328
Seurat,ari,h_pbmc,0.6927
LS_Lab,ari,h_pbmc,0.4353
MultiVI,ari,h_pbmc,0.4867
RAW_atac,ami,h_pbmc,0.6349
XChrom,ami,h_pbmc,0.8281
Seurat,ami,h_pbmc,0.7581
LS_Lab,ami,h_pbmc,0.5804
MultiVI,ami,h_pbmc,0.6276
RAW_atac,asw,h_pbmc,0.4446
XChrom,asw,h_pbmc,0.7128
Seurat,asw,h_pbmc,0.5925
LS_Lab,asw,h_pbmc,0.5867
MultiVI,asw,h_pbmc,0.6276
RAW_atac,ari,m_brain,0.2666
XChrom,ari,m_brain,0.4401
Seurat,ari,m_brain,0.5081
LS_Lab,ari,m_brain,0.4178
MultiVI,ari,m_brain,0.3931
RAW_atac,ami,m_brain,0.4171
XChrom,ami,m_brain,0.6171
Seurat,ami,m_brain,0.6943
LS_Lab,ami,m_brain,0.6047
MultiVI,ami,m_brain,0.5908
RAW_atac,asw,m_brain,0.4133
XChrom,asw,m_brain,0.5933
Seurat,asw,m_brain,0.5775
LS_Lab,asw,m_brain,0.5821
MultiVI,asw,m_brain,0.5924
RAW_atac,ari,h_brain,0.2048
XChrom,ari,h_brain,0.2279
Seurat,ari,h_brain,0.2517
LS_Lab,ari,h_brain,0.2829
MultiVI,ari,h_brain,0.3544
RAW_atac,ami,h_brain,0.3972
XChrom,ami,h_brain,0.4716
Seurat,ami,h_brain,0.5033
LS_Lab,ami,h_brain,0.5063
MultiVI,ami,h_brain,0.6205
RAW_atac,asw,h_brain,0.3675
XChrom,asw,h_brain,0.4775
Seurat,asw,h_brain,0.5284
LS_Lab,asw,h_brain,0.4793
MultiVI,asw,h_brain,0.5559
RAW_atac,ari,h_gonads,0.1417
XChrom,ari,h_gonads,0.4293
Seurat,ari,h_gonads,0.6356
LS_Lab,ari,h_gonads,0.3601
MultiVI,ari,h_gonads,0.558
RAW_atac,ami,h_gonads,0.22
XChrom,ami,h_gonads,0.6264
Seurat,ami,h_gonads,0.6774
LS_Lab,ami,h_gonads,0.5464
MultiVI,ami,h_gonads,0.6752
RAW_atac,asw,h_gonads,0.3899
XChrom,asw,h_gonads,0.6078
Seurat,asw,h_gonads,0.5108
LS_Lab,asw,h_gonads,0.579
MultiVI,asw,h_gonads,0.6025
RAW_atac,ari,m_palates,0.1683
XChrom,ari,m_palates,0.2841
Seurat,ari,m_palates,0.3457
LS_Lab,ari,m_palates,0.2218
MultiVI,ari,m_palates,0.2793
RAW_atac,ami,m_palates,0.2625
XChrom,ami,m_palates,0.4458
Seurat,ami,m_palates,0.5156
LS_Lab,ami,m_palates,0.3452
MultiVI,ami,m_palates,0.4302
RAW_atac,asw,m_palates,0.4423
XChrom,asw,m_palates,0.5445
Seurat,asw,m_palates,0.5495
LS_Lab,asw,m_palates,0.5044
MultiVI,asw,m_palates,0.541
RAW_atac,ns(100),h_brain,0.2178
RAW_atac,ns(50),h_brain,0.1492
RAW_atac,ns(10),h_brain,0.0591
RAW_atac,ls(100),h_brain,0.4334
RAW_atac,ls(50),h_brain,0.4583
RAW_atac,ls(10),h_brain,0.4817
Seurat,ns(100),h_brain,0.2276
Seurat,ns(50),h_brain,0.1534
Seurat,ns(10),h_brain,0.0675
Seurat,ls(100),h_brain,0.4609
Seurat,ls(50),h_brain,0.5114
Seurat,ls(10),h_brain,0.5876
LS_Lab,ns(100),h_brain,0.2549
LS_Lab,ns(50),h_brain,0.179
LS_Lab,ns(10),h_brain,0.0786
LS_Lab,ls(100),h_brain,0.5079
LS_Lab,ls(50),h_brain,0.5563
LS_Lab,ls(10),h_brain,0.6251
MultiVI,ns(100),h_brain,0.3046
MultiVI,ns(50),h_brain,0.21
MultiVI,ns(10),h_brain,0.0817
MultiVI,ls(100),h_brain,0.6236
MultiVI,ls(50),h_brain,0.6666
MultiVI,ls(10),h_brain,0.7204
XChrom,ns(100),h_brain,0.2592
XChrom,ns(50),h_brain,0.1859
XChrom,ns(10),h_brain,0.0817
XChrom,ls(100),h_brain,0.4765
XChrom,ls(50),h_brain,0.5052
XChrom,ls(10),h_brain,0.5545
RAW_atac,ns(100),h_gonads,0.0689
RAW_atac,ns(50),h_gonads,0.044
RAW_atac,ns(10),h_gonads,0.0149
RAW_atac,ls(100),h_gonads,0.4408
RAW_atac,ls(50),h_gonads,0.4628
RAW_atac,ls(10),h_gonads,0.5088
Seurat,ns(100),h_gonads,0.1089
Seurat,ns(50),h_gonads,0.0942
Seurat,ns(10),h_gonads,0.0655
Seurat,ls(100),h_gonads,0.612
Seurat,ls(50),h_gonads,0.6799
Seurat,ls(10),h_gonads,0.8016
LS_Lab,ns(100),h_gonads,0.1936
LS_Lab,ns(50),h_gonads,0.1403
LS_Lab,ns(10),h_gonads,0.0602
LS_Lab,ls(100),h_gonads,0.7308
LS_Lab,ls(50),h_gonads,0.7524
LS_Lab,ls(10),h_gonads,0.7815
MultiVI,ns(100),h_gonads,0.3324
MultiVI,ns(50),h_gonads,0.2566
MultiVI,ns(10),h_gonads,0.1228
MultiVI,ls(100),h_gonads,0.8251
MultiVI,ls(50),h_gonads,0.848
MultiVI,ls(10),h_gonads,0.8766
XChrom,ns(100),h_gonads,0.2812
XChrom,ns(50),h_gonads,0.2219
XChrom,ns(10),h_gonads,0.1194
XChrom,ls(100),h_gonads,0.7994
XChrom,ls(50),h_gonads,0.8205
XChrom,ls(10),h_gonads,0.847
RAW_atac,ns(100),h_pbmc,0.2935
RAW_atac,ns(50),h_pbmc,0.1872
RAW_atac,ns(10),h_pbmc,0.0513
RAW_atac,ls(100),h_pbmc,0.7573
RAW_atac,ls(50),h_pbmc,0.7899
RAW_atac,ls(10),h_pbmc,0.8266
Seurat,ns(100),h_pbmc,0.2763
Seurat,ns(50),h_pbmc,0.1799
Seurat,ns(10),h_pbmc,0.0661
Seurat,ls(100),h_pbmc,0.7145
Seurat,ls(50),h_pbmc,0.7743
Seurat,ls(10),h_pbmc,0.8554
LS_Lab,ns(100),h_pbmc,0.2756
LS_Lab,ns(50),h_pbmc,0.186
LS_Lab,ns(10),h_pbmc,0.0694
LS_Lab,ls(100),h_pbmc,0.673
LS_Lab,ls(50),h_pbmc,0.6975
LS_Lab,ls(10),h_pbmc,0.7207
MultiVI,ns(100),h_pbmc,0.2885
MultiVI,ns(50),h_pbmc,0.1842
MultiVI,ns(10),h_pbmc,0.052
MultiVI,ls(100),h_pbmc,0.7053
MultiVI,ls(50),h_pbmc,0.7241
MultiVI,ls(10),h_pbmc,0.7417
XChrom,ns(100),h_pbmc,0.3942
XChrom,ns(50),h_pbmc,0.2646
XChrom,ns(10),h_pbmc,0.1148
XChrom,ls(100),h_pbmc,0.894
XChrom,ls(50),h_pbmc,0.9117
XChrom,ls(10),h_pbmc,0.9295
RAW_atac,ns(100),m_brain,0.258
RAW_atac,ns(50),m_brain,0.1981
RAW_atac,ns(10),m_brain,0.0938
RAW_atac,ls(100),m_brain,0.5314
RAW_atac,ls(50),m_brain,0.5802
RAW_atac,ls(10),m_brain,0.663
Seurat,ns(100),m_brain,0.3286
Seurat,ns(50),m_brain,0.2664
Seurat,ns(10),m_brain,0.1462
Seurat,ls(100),m_brain,0.6631
Seurat,ls(50),m_brain,0.7393
Seurat,ls(10),m_brain,0.8587
LS_Lab,ns(100),m_brain,0.4098
LS_Lab,ns(50),m_brain,0.317
LS_Lab,ns(10),m_brain,0.1608
LS_Lab,ls(100),m_brain,0.7282
LS_Lab,ls(50),m_brain,0.7631
LS_Lab,ls(10),m_brain,0.8051
MultiVI,ns(100),m_brain,0.3941
MultiVI,ns(50),m_brain,0.3105
MultiVI,ns(10),m_brain,0.1546
MultiVI,ls(100),m_brain,0.6998
MultiVI,ls(50),m_brain,0.7432
MultiVI,ls(10),m_brain,0.8047
XChrom,ns(100),m_brain,0.5203
XChrom,ns(50),m_brain,0.4521
XChrom,ns(10),m_brain,0.2789
XChrom,ls(100),m_brain,0.7626
XChrom,ls(50),m_brain,0.8174
XChrom,ls(10),m_brain,0.8789
RAW_atac,ns(100),m_palates,0.1204
RAW_atac,ns(50),m_palates,0.0855
RAW_atac,ns(10),m_palates,0.0351
RAW_atac,ls(100),m_palates,0.4077
RAW_atac,ls(50),m_palates,0.4358
RAW_atac,ls(10),m_palates,0.4863
Seurat,ns(100),m_palates,0.1895
Seurat,ns(50),m_palates,0.1584
Seurat,ns(10),m_palates,0.1181
Seurat,ls(100),m_palates,0.5233
Seurat,ls(50),m_palates,0.5701
Seurat,ls(10),m_palates,0.7073
LS_Lab,ns(100),m_palates,0.1943
LS_Lab,ns(50),m_palates,0.1458
LS_Lab,ns(10),m_palates,0.0701
LS_Lab,ls(100),m_palates,0.5227
LS_Lab,ls(50),m_palates,0.5533
LS_Lab,ls(10),m_palates,0.6027
MultiVI,ns(100),m_palates,0.2217
MultiVI,ns(50),m_palates,0.1665
MultiVI,ns(10),m_palates,0.085
MultiVI,ls(100),m_palates,0.5702
MultiVI,ls(50),m_palates,0.6056
MultiVI,ls(10),m_palates,0.6605
XChrom,ns(100),m_palates,0.3574
XChrom,ns(50),m_palates,0.3037
XChrom,ns(10),m_palates,0.1905
XChrom,ls(100),m_palates,0.5982
XChrom,ls(50),m_palates,0.6423
XChrom,ls(10),m_palates,0.7155
